department,municipality,postal_code,dane_code,latitude,longitude
Amazonas,Leticia,9100101,91001,-4.215286,-69.940536
Amazonas,Puerto Narino,9154001,91540,-3.7667,-70.3767
Antioquia,Medellin,0500101,05001,6.24422,-75.58121
Antioquia,Abejorral,0500201,05002,5.79185,-75.433
Antioquia,Abriaqui,0500401,05004,6.63333,-76.3
Antioquia,Alejandria,0502101,05021,6.36667,-75.08333
Antioquia,Amaga,0503001,05030,6.03333,-75.7
Antioquia,Amalfi,0503101,05031,6.91167,-75.075
Antioquia,Andes,0503401,05034,5.65583,-75.88333
Antioquia,Angelopolis,0503601,05036,6.11667,-75.71667
Antioquia,Angostura,0503801,05038,6.86667,-75.33333
Antioquia,Anori,0504001,05040,7.06667,-75.13333
Antioquia,Santafe de Antioquia,0504201,05042,6.55917,-75.825
Antioquia,Anza,0504401,05044,6.31667,-75.86667
Antioquia,Apartado,0504501,05045,7.88083,-76.62722
Antioquia,Arboletes,0505101,05051,8.85444,-76.4275
Antioquia,Argelia,0505501,05055,5.73333,-76.15
Antioquia,Armenia,0505901,05059,6.46667,-75.68333
Antioquia,Barbosa,0507901,05079,6.4375,-75.33167
Antioquia,Belmira,0508601,05086,6.60417,-75.66667
Antioquia,Bello,0508801,05088,6.3375,-75.55583
Antioquia,Betania,0509101,05091,5.99583,-75.96
Antioquia,Betulia,0509301,05093,6.10917,-75.98
Antioquia,Ciudad Bolivar,0510101,05101,5.8549,-76.0208
Antioquia,Briceno,0510701,05107,7.1,-75.5
Antioquia,Buritica,0511301,05113,6.71667,-75.91667
Antioquia,Caceres,0512001,05120,7.58333,-75.33333
Antioquia,Caicedo,0512501,05125,6.4,-76.11667
Antioquia,Caldas,0512901,05129,6.09083,-75.63417
Antioquia,Campamento,0513401,05134,7.025,-75.27667
Antioquia,Canasgordas,0513801,05138,6.73333,-76.01667
Antioquia,Caracoli,0514201,05142,6.43167,-74.76667
Antioquia,Caramanta,0514501,05145,5.54583,-75.625
Antioquia,Carepa,0514701,05147,7.75667,-76.65333
Antioquia,El Carmen de Viboral,0514801,05148,6.08333,-75.33333
Antioquia,Carolina,0515001,05150,6.73333,-75.33333
Antioquia,Caucasia,0515401,05154,7.99417,-75.19333
Antioquia,Chigorodo,0517201,05172,7.6675,-76.685
Antioquia,Cisneros,0519001,05190,6.54167,-74.98333
Antioquia,Cocorna,0519701,05197,6.05,-75.18333
Antioquia,Concepcion,0520601,05206,6.32917,-75.26583
Antioquia,Concordia,0520901,05209,6.05,-75.9
Antioquia,Copacabana,0521201,05212,6.35333,-75.5025
Antioquia,Dabeiba,0523401,05234,7.0,-76.26667
Antioquia,Don Matias,0523701,05237,6.5,-75.4
Antioquia,Ebejico,0524001,05240,6.31667,-75.91667
Antioquia,El Bagre,0525001,05250,7.595,-74.80917
Antioquia,Entrerrios,0526401,05264,6.56667,-75.55
Antioquia,Envigado,0526601,05266,6.175,-75.59167
Antioquia,Fredonia,0528201,05282,5.93333,-75.68333
Antioquia,Frontino,0528401,05284,6.78333,-76.13333
Antioquia,Giraldo,0530601,05306,6.61667,-75.93333
Antioquia,Girardota,0530801,05308,6.3725,-75.44833
Antioquia,Gomez Plata,0531001,05310,6.68333,-75.2
Antioquia,Granada,0531301,05313,6.15,-75.18333
Antioquia,Guadalupe,0531501,05315,6.8,-75.23333
Antioquia,Guarne,0531801,05318,6.28583,-75.43667
Antioquia,Guatape,0532101,05321,6.23333,-75.15833
Antioquia,Heliconia,0534701,05347,6.2,-75.75
Antioquia,Hispania,0535301,05353,5.81667,-75.91667
Antioquia,Itagui,0536001,05360,6.185,-75.59917
Antioquia,Ituango,0536101,05361,7.16667,-75.75
Antioquia,Jardin,0536401,05364,5.59583,-75.82167
Antioquia,Jerico,0536801,05368,5.79417,-75.78333
Antioquia,La Ceja,0537601,05376,6.01917,-75.43917
Antioquia,La Estrella,0538001,05380,6.15833,-75.64167
Antioquia,La Pintada,0539001,05390,5.74583,-75.6
Antioquia,La Union,0540001,05400,5.97583,-75.36583
Antioquia,Liborina,0541101,05411,6.68333,-75.66667
Antioquia,Maceo,0542501,05425,6.55,-74.76667
Antioquia,Marinilla,0544001,05440,6.17583,-75.34083
Antioquia,Montebello,0546701,05467,5.94583,-75.51667
Antioquia,Murindo,0547501,05475,6.9775,-76.73833
Antioquia,Mutata,0548001,05480,7.24167,-76.43333
Antioquia,Narino,0548301,05483,5.81667,-74.93333
Antioquia,Necocli,0549001,05490,8.425,-76.78333
Antioquia,Nechi,0549501,05495,8.10833,-74.775
Antioquia,Olaya,0550101,05501,6.58333,-75.91667
Antioquia,Penol,0554101,05541,6.21667,-75.23333
Antioquia,Peque,0554301,05543,7.01667,-75.91667
Antioquia,Pueblorrico,0557601,05576,5.76667,-75.91667
Antioquia,Puerto Berrio,0557901,05579,6.49167,-74.40833
Antioquia,Puerto Nare,0558501,05585,6.2,-74.58333
Antioquia,Puerto Triunfo,0559101,05591,5.88333,-74.71667
Antioquia,Remedios,0560401,05604,7.025,-74.69167
Antioquia,Retiro,0560701,05607,6.0625,-75.50417
Antioquia,Rionegro,0561501,05615,6.15333,-75.37417
Antioquia,Sabanalarga,0562801,05628,6.85,-75.81667
Antioquia,Sabaneta,0563101,05631,6.14333,-75.6175
Antioquia,Salgar,0564201,05642,5.9625,-75.98667
Antioquia,San Andres de Cuerquia,0564701,05647,6.56667,-75.65
Antioquia,San Carlos,0564901,05649,6.1875,-74.99583
Antioquia,San Francisco,0565201,05652,6.29583,-75.11583
Antioquia,San Jeronimo,0565601,05656,6.33333,-75.76667
Antioquia,San Jose de la Montana,0565801,05658,6.83333,-75.68333
Antioquia,San Juan de Uraba,0565901,05659,8.76667,-76.53333
Antioquia,San Luis,0566001,05660,6.03333,-74.98333
Antioquia,San Pedro de los Milagros,0566401,05664,6.48667,-75.58833
Antioquia,San Pedro de Uraba,0566501,05665,8.28167,-76.38333
Antioquia,San Rafael,0566701,05667,6.28333,-75.03333
Antioquia,San Roque,0567001,05670,6.48583,-75.03333
Antioquia,San Vicente Ferrer,0567401,05674,6.31083,-75.3475
Antioquia,Santa Barbara,0567901,05679,5.8625,-75.57333
Antioquia,Santa Rosa de Osos,0568601,05686,6.64583,-75.445
Antioquia,Santo Domingo,0569001,05690,6.475,-75.16917
Antioquia,El Santuario,0569701,05697,6.14167,-75.26667
Antioquia,Segovia,0573601,05736,7.08333,-74.7
Antioquia,Sonson,0575601,05756,5.71667,-75.31667
Antioquia,Sopetran,0576101,05761,6.5,-75.75
Antioquia,Tamesis,0578901,05789,5.66667,-75.71667
Antioquia,Taraza,0579001,05790,7.88333,-75.38333
Antioquia,Tarso,0579201,05792,5.81667,-75.81667
Antioquia,Titiribi,0580901,05809,6.06083,-75.78083
Antioquia,Toledo,0581901,05819,7.3,-76.15
Antioquia,Turbo,0583701,05837,8.09667,-76.72917
Antioquia,Uramita,0584201,05842,6.88333,-76.2
Antioquia,Urrao,0584701,05847,6.325,-76.13667
Antioquia,Valdivia,0585401,05854,7.18333,-75.43333
Antioquia,Valparaiso,0585601,05856,5.73333,-75.61667
Antioquia,Vegachi,0585801,05858,6.76667,-74.86667
Antioquia,Venecia,0586101,05861,5.96583,-75.76667
Antioquia,Vigia del Fuerte,0587301,05873,6.59917,-76.89167
Antioquia,Yali,0588501,05885,6.96667,-75.0
Antioquia,Yarumal,0588701,05887,7.0,-75.41667
Antioquia,Yolombo,0589001,05890,6.59083,-75.01583
Antioquia,Yondo,0589301,05893,6.4825,-74.53083
Antioquia,Zaragoza,0589501,05895,7.49167,-74.86667
Arauca,Arauca,8100101,81001,7.090278,-70.762639
Arauca,Arauquita,8106501,81065,7.025,-71.43333
Arauca,Cravo Norte,8122001,81220,6.3,-70.21667
Arauca,Fortul,8130001,81300,6.78333,-71.6
Arauca,Puerto Rondon,8159101,81591,6.28333,-71.1
Arauca,Saravena,8173601,81736,6.94917,-71.86667
Arauca,Tame,8179401,81794,6.4575,-71.72917
Atlantico,Barranquilla,0800101,08001,10.963683,-74.796108
Atlantico,Baranoa,0807801,08078,10.7975,-74.91583
Atlantico,Campo de La Cruz,0813701,08137,10.375,-74.885
Atlantico,Candelaria,0814101,08141,10.48333,-74.88333
Atlantico,Galapa,0829601,08296,10.8975,-74.89583
Atlantico,Juan de Acosta,0837201,08372,10.83333,-75.03333
Atlantico,Luruaco,0842101,08421,10.61667,-75.145
Atlantico,Malambo,0843301,08433,10.87167,-74.78333
Atlantico,Manati,0843601,08436,10.44167,-74.965
Atlantico,Palmar de Varela,0852001,08520,10.75167,-74.755
Atlantico,Piojo,0854901,08549,10.75,-75.13333
Atlantico,Polonuevo,0855801,08558,10.775,-74.85667
Atlantico,Ponedera,0856001,08560,10.63833,-74.75
Atlantico,Puerto Colombia,0857301,08573,11.00333,-74.95833
Atlantico,Repelon,0860601,08606,10.50667,-75.12167
Atlantico,Sabanagrande,0863401,08634,10.79583,-74.75667
Atlantico,Sabanalarga,0863801,08638,10.63333,-74.91667
Atlantico,Santa Lucia,0867501,08675,10.31583,-74.97583
Atlantico,Santo Tomas,0868501,08685,10.76,-74.74917
Atlantico,Soledad,0875801,08758,10.91667,-74.76417
Atlantico,Suan,0877001,08770,10.29167,-74.83167
Atlantico,Tubara,0883201,08832,10.87917,-75.01667
Atlantico,Usiacuri,0884901,08849,10.74917,-74.98583
Bogota D.C.,Bogota D.C.,1100101,11001,4.71099,-74.07209
Bolivar,Cartagena,1300101,13001,10.39103,-75.4794
Bolivar,Achi,1300601,13006,8.56667,-74.55
Bolivar,Altos del Rosario,1303001,13030,8.79167,-74.16667
Bolivar,Arenal,1304201,13042,8.76917,-73.91167
Bolivar,Arjona,1305201,13052,10.25833,-75.35
Bolivar,Arroyohondo,1306201,13062,10.03333,-75.1
Bolivar,Barranco de Loba,1307401,13074,8.94333,-74.11083
Bolivar,Calamar,1314001,13140,10.25,-74.91667
Bolivar,Cantagallo,1316001,13160,7.38333,-74.0
Bolivar,Cicuco,1318801,13188,9.25833,-74.63333
Bolivar,Clemencia,1322201,13222,10.58083,-75.3125
Bolivar,El Carmen de Bolivar,1324401,13244,9.71667,-75.125
Bolivar,El Guamo,1324801,13248,9.98333,-74.96583
Bolivar,El Penon,1326801,13268,9.15667,-73.96917
Bolivar,Hatillo de Loba,1330001,13300,9.04583,-74.0975
Bolivar,Magangue,1343001,13430,9.24167,-74.75167
Bolivar,Mahates,1343301,13433,10.23,-75.18333
Bolivar,Margarita,1344001,13440,9.1175,-74.32167
Bolivar,Maria La Baja,1344201,13442,9.98333,-75.31667
Bolivar,Montecristo,1345801,13458,8.3,-74.45
Bolivar,Mompox,1346801,13468,9.24333,-74.42583
Bolivar,Morales,1347301,13473,8.27917,-73.86583
Bolivar,Norosi,1349001,13490,8.53333,-74.05
Bolivar,Pinillos,1354901,13549,8.91583,-74.47167
Bolivar,Regidor,1358001,13580,8.68333,-73.83333
Bolivar,Rio Viejo,1360001,13600,8.48333,-73.86667
Bolivar,San Cristobal,1362001,13620,9.86667,-75.28333
Bolivar,San Estanislao,1364701,13647,10.39167,-75.15
Bolivar,San Fernando,1365001,13650,9.0125,-74.50667
Bolivar,San Jacinto,1365401,13654,9.83333,-75.11667
Bolivar,San Jacinto del Cauca,1365501,13655,8.24583,-74.70583
Bolivar,San Juan Nepomuceno,1365701,13657,9.95,-75.08333
Bolivar,San Martin de Loba,1366701,13667,8.75833,-74.00833
Bolivar,San Pablo,1367001,13670,7.475,-73.96833
Bolivar,Santa Catalina,1367301,13673,10.60833,-75.275
Bolivar,Santa Rosa,1368301,13683,10.39917,-75.0925
Bolivar,Santa Rosa del Sur,1368801,13688,7.96583,-74.05333
Bolivar,Simiti,1374401,13744,7.95833,-73.945
Bolivar,Soplaviento,1376001,13760,10.3725,-75.165
Bolivar,Talaigua Nuevo,1378001,13780,9.29583,-74.55417
Bolivar,Tiquisio,1381001,13810,8.55,-74.28333
Bolivar,Turbaco,1383601,13836,10.34167,-75.41667
Bolivar,Turbana,1383801,13838,10.30833,-75.41167
Bolivar,Villanueva,1387301,13873,10.025,-75.28333
Bolivar,Zambrano,1389401,13894,9.75,-74.83333
Bolivar,Cordoba,1321201,13212,8.8825,-74.855
Boyaca,Tunja,1500101,15001,5.53528,-73.36759
Boyaca,Almeida,1502201,15022,5.01583,-73.55
Boyaca,Aquitania,1504701,15047,5.52083,-72.88333
Boyaca,Arcabuco,1505101,15051,5.76667,-73.45
Boyaca,Belen,1508701,15087,6.01333,-72.93333
Boyaca,Berbeo,1509001,15090,5.65833,-73.05
Boyaca,Beteitiva,1509201,15092,5.9,-72.95
Boyaca,Boavita,1509701,15097,6.33333,-72.58333
Boyaca,Boyaca,1510401,15104,5.46667,-73.36667
Boyaca,Briceno,1510601,15106,6.0,-72.81667
Boyaca,Buenavista,1510901,15109,5.55,-72.95
Boyaca,Busbanza,1511401,15114,5.93333,-72.85
Boyaca,Caldas,1513101,15131,5.6125,-73.13583
Boyaca,Campohermoso,1513501,15135,5.0,-73.05
Boyaca,Cerinza,1516201,15162,5.83333,-72.9
Boyaca,Chinavita,1517201,15172,5.13333,-73.25
Boyaca,Chiquinquira,1517601,15176,5.61917,-73.82083
Boyaca,Chiscas,1518001,15180,6.55,-72.48333
Boyaca,Chita,1518301,15183,6.18333,-72.46667
Boyaca,Chitaraque,1518501,15185,5.9875,-73.50667
Boyaca,Chivata,1518701,15187,5.53333,-73.26667
Boyaca,Cienega,1518901,15189,5.38333,-73.65
Boyaca,Combita,1520401,15204,5.63333,-73.36667
Boyaca,Coper,1521201,15212,5.40833,-74.03333
Boyaca,Corrales,1521501,15215,5.71917,-72.81667
Boyaca,Covarachia,1521801,15218,6.3,-72.73333
Boyaca,Cubara,1522301,15223,7.0,-72.1
Boyaca,Cucaita,1522401,15224,5.56667,-73.48333
Boyaca,Cuitiva,1522601,15226,5.58333,-72.86667
Boyaca,Chiquiza,1523201,15232,5.55,-73.45
Boyaca,Chivor,1523601,15236,4.86667,-73.26667
Boyaca,Duitama,1523801,15238,5.82333,-73.02583
Boyaca,El Cocuy,1524401,15244,6.40833,-72.45
Boyaca,El Espino,1524801,15248,6.5,-72.41667
Boyaca,Firavitoba,1527201,15272,5.65417,-72.98333
Boyaca,Floresta,1527601,15276,5.86667,-72.95
Boyaca,Gachantiva,1529301,15293,5.81667,-73.51667
Boyaca,Gameza,1529601,15296,5.78333,-72.78333
Boyaca,Garagoa,1529901,15299,4.99583,-73.36667
Boyaca,Guacamayas,1531701,15317,6.46667,-72.43333
Boyaca,Guateque,1532201,15322,5.0,-73.46667
Boyaca,Guayata,1532501,15325,4.99167,-73.38333
Boyaca,Guican,1533201,15332,6.46667,-72.41667
Boyaca,Iza,1536201,15362,5.61667,-72.98333
Boyaca,Jenesano,1536701,15367,5.33333,-73.4
Boyaca,Jerico,1536801,15368,6.15,-72.58333
Boyaca,Labranzagrande,1537701,15377,5.83333,-72.56667
Boyaca,La Capilla,1538001,15380,4.95833,-73.56667
Boyaca,La Uvita,1540101,15401,6.29167,-72.46667
Boyaca,La Victoria,1540301,15403,5.45833,-73.86667
Boyaca,Macanal,1540701,15407,4.89167,-73.35
Boyaca,Maripi,1542501,15425,5.56667,-74.01667
Boyaca,Miraflores,1544201,15442,5.19583,-73.1425
Boyaca,Mongua,1545501,15455,5.71667,-72.65
Boyaca,Mongui,1545601,15456,5.71667,-72.85
Boyaca,Moniquira,1545801,15458,5.87617,-73.57417
Boyaca,Motavita,1546401,15464,5.6,-73.38333
Boyaca,Muzo,1546601,15466,5.52917,-74.10333
Boyaca,Nobsa,1546901,15469,5.78333,-72.93333
Boyaca,Nuevo Colon,1547601,15476,5.36667,-73.46667
Boyaca,Oicata,1548001,15480,5.61667,-73.3
Boyaca,Otanche,1549101,15491,5.73333,-74.18333
Boyaca,Pachavita,1549401,15494,5.03333,-73.38333
Boyaca,Paez,1550001,15500,5.58333,-74.03333
Boyaca,Paipa,1550701,15507,5.78292,-73.1125
Boyaca,Pajarito,1551101,15511,5.41667,-72.7
Boyaca,Panqueba,1551401,15514,6.41667,-72.33333
Boyaca,Pauna,1551601,15516,5.66667,-73.96667
Boyaca,Paya,1551801,15518,5.63333,-72.33333
Boyaca,Paz de Rio,1552201,15522,5.98333,-72.75
Boyaca,Pesca,1553101,15531,5.55,-73.05
Boyaca,Pisba,1553301,15533,5.56667,-72.38333
Boyaca,Puerto Boyaca,1557201,15572,5.975,-74.59167
Boyaca,Quipama,1558001,15580,5.51667,-74.175
Boyaca,Ramiriqui,1559901,15599,5.40417,-73.33417
Boyaca,Raquira,1560001,15600,5.53417,-73.6325
Boyaca,Rondon,1562101,15621,5.4,-72.98333
Boyaca,Saboya,1563201,15632,5.70833,-73.78333
Boyaca,Sachica,1563801,15638,5.6,-73.6
Boyaca,Samaca,1564601,15646,5.49583,-73.48583
Boyaca,San Eduardo,1566001,15660,5.31667,-72.98333
Boyaca,San Jose de Pare,1566401,15664,5.94833,-73.72917
Boyaca,San Luis de Gaceno,1566701,15667,4.81667,-73.31667
Boyaca,San Mateo,1567301,15673,6.41667,-72.61667
Boyaca,San Miguel de Sema,1567601,15676,5.55,-73.75
Boyaca,San Pablo de Borbur,1568101,15681,5.65833,-74.0
Boyaca,Santana,1569001,15690,6.03333,-72.48333
Boyaca,Santa Maria,1569301,15693,4.8575,-73.26667
Boyaca,Santa Rosa de Viterbo,1569601,15696,5.88333,-72.98333
Boyaca,Santa Sofia,1572001,15720,5.73333,-73.61667
Boyaca,Sativasur,1572301,15723,6.09583,-72.68833
Boyaca,Sativanorte,1572401,15724,6.10833,-72.68333
Boyaca,Siachoque,1574001,15740,5.51667,-73.23333
Boyaca,Soata,1575301,15753,6.33333,-72.68333
Boyaca,Socota,1575501,15755,6.05833,-72.63333
Boyaca,Socha,1575701,15757,6.01667,-72.68333
Boyaca,Sogamoso,1575901,15759,5.715,-72.9325
Boyaca,Somondoco,1576101,15761,4.98333,-73.43333
Boyaca,Sora,1576201,15762,5.56667,-73.45
Boyaca,Sotaquira,1576401,15764,5.70833,-73.2
Boyaca,Soraca,1576301,15763,5.51667,-73.38333
Boyaca,Susacon,1577401,15774,6.26667,-72.71667
Boyaca,Sutamarchan,1577601,15776,5.66917,-73.58083
Boyaca,Sutatenza,1577801,15778,5.03333,-73.45
Boyaca,Tasco,1579001,15790,5.9,-72.78333
Boyaca,Tenza,1579801,15798,5.08333,-73.45
Boyaca,Tibana,1580401,15804,5.31667,-73.41667
Boyaca,Tibasosa,1580601,15806,5.76667,-72.98333
Boyaca,Tinjaca,1580801,15808,5.55,-73.6
Boyaca,Tipacoque,1581001,15810,6.41667,-72.7
Boyaca,Toca,1581401,15814,5.55,-73.21667
Boyaca,Togui,1581601,15816,5.93333,-73.56667
Boyaca,Topaga,1582001,15820,5.73333,-72.8
Boyaca,Tota,1582201,15822,5.55,-72.91667
Boyaca,Tunungua,1583201,15832,5.75,-74.03333
Boyaca,Turmeque,1583501,15835,5.31667,-73.51667
Boyaca,Tuta,1583701,15837,5.66667,-73.21667
Boyaca,Tutaza,1583901,15839,5.9,-72.91667
Boyaca,Umbita,1584201,15842,5.21667,-73.43333
Boyaca,Ventaquemada,1586101,15861,5.40833,-73.51417
Boyaca,Villa de Leyva,1587901,15879,5.63333,-73.525
Boyaca,Viracacha,1589701,15897,5.43333,-73.26667
Boyaca,Zetaquira,1590601,15906,5.16667,-72.85
Caldas,Manizales,1700101,17001,5.07011,-75.52111
Caldas,Aguadas,1701301,17013,5.61667,-75.45
Caldas,Anserma,1704201,17042,5.21667,-75.78333
Caldas,Aranzazu,1705001,17050,5.3,-75.5
Caldas,Belalcazar,1708801,17088,5.01667,-75.68333
Caldas,Chinchina,1717401,17174,4.98667,-75.60417
Caldas,Filadelfia,1727201,17272,5.3,-75.61667
Caldas,La Dorada,1738001,17380,5.45,-74.66667
Caldas,La Merced,1738801,17388,5.35,-75.49167
Caldas,Manzanares,1743301,17433,5.25,-75.15
Caldas,Marmato,1744201,17442,5.48917,-75.6
Caldas,Marquetalia,1744401,17444,5.3,-75.04167
Caldas,Marulanda,1744601,17446,5.3,-75.12417
Caldas,Neira,1748601,17486,5.175,-75.52083
Caldas,Norcasia,1749501,17495,5.56833,-74.90167
Caldas,Pacora,1751301,17513,5.53333,-75.46667
Caldas,Palestina,1752401,17524,5.06667,-75.71667
Caldas,Pensilvania,1754101,17541,5.38333,-75.15
Caldas,Riosucio,1761601,17616,5.41667,-75.7
Caldas,Risaralda,1765301,17653,5.3,-75.7
Caldas,Salamina,1766201,17662,5.4,-75.51667
Caldas,Samana,1766501,17665,5.48333,-75.0
Caldas,San Jose,1777701,17777,5.7,-75.78333
Caldas,Supia,1786701,17867,5.45,-75.63333
Caldas,Victoria,1787301,17873,5.31667,-74.9
Caldas,Villamaria,1787701,17877,5.01667,-75.5
Caldas,Viterbo,1787801,17878,5.06833,-75.88333
Caqueta,Florencia,1800101,18001,1.61417,-75.6165
Caqueta,Albania,1802901,18029,1.35,-75.73333
Caqueta,Belen de los Andaquies,1809401,18094,1.43333,-75.88333
Caqueta,Cartagena del Chaira,1815001,18150,1.33333,-74.85
Caqueta,Curillo,1820501,18205,0.94917,-76.05833
Caqueta,El Doncello,1824701,18247,1.68333,-75.28333
Caqueta,El Paujil,1825601,18256,1.56083,-75.35
Caqueta,La Montanita,1841001,18410,1.48333,-75.45
Caqueta,Milan,1846001,18460,1.2,-75.9
Caqueta,Morelia,1847901,18479,1.48333,-75.68333
Caqueta,Puerto Rico,1859201,18592,1.9,-75.16667
Caqueta,San Jose del Fragua,1861001,18610,1.33333,-76.0
Caqueta,San Vicente del Caguan,1875301,18753,2.11667,-74.76667
Caqueta,Solano,1875601,18756,0.7,-75.25
Caqueta,Solita,1878501,18785,0.96667,-75.66667
Caqueta,Valparaiso,1886001,18860,1.2,-76.1
Casanare,Yopal,8500101,85001,5.337556,-72.394875
Casanare,Aguazul,8501001,85010,5.16917,-72.54917
Casanare,Chameza,8501501,85015,5.1,-72.65
Casanare,Hato Corozal,8512501,85125,6.15,-71.76667
Casanare,La Salina,8513601,85136,6.13333,-72.33333
Casanare,Mani,8513901,85139,4.81667,-72.28333
Casanare,Monterrey,8516201,85162,4.88333,-72.9
Casanare,Nunchia,8522501,85225,5.65,-72.2
Casanare,Orocue,8523001,85230,4.79167,-71.35
Casanare,Paz de Ariporo,8525001,85250,5.88333,-71.89167
Casanare,Pore,8526301,85263,5.73333,-71.98333
Casanare,Recetor,8527901,85279,5.43333,-72.65
Casanare,Sabanalarga,8530001,85300,4.85,-72.51667
Casanare,Sacama,8531501,85315,6.38333,-72.23333
Casanare,San Luis de Palenque,8532501,85325,5.43333,-71.73333
Casanare,Tamara,8540001,85400,6.08333,-72.16667
Casanare,Tauramena,8541001,85410,5.01667,-72.75667
Casanare,Trinidad,8543001,85430,5.41667,-71.65
Casanare,Villanueva,8544001,85440,4.625,-72.96667
Cauca,Popayan,1900101,19001,2.44204,-76.607
Cauca,Almaguer,1902201,19022,1.91667,-76.85
Cauca,Argelia,1905001,19050,2.26667,-76.81667
Cauca,Balboa,1907501,19075,2.0,-77.21667
Cauca,Bolivar,1910001,19100,1.85,-76.98333
Cauca,Buenos Aires,1911001,19110,3.01667,-76.61667
Cauca,Cajibio,1913001,19130,2.61667,-76.71667
Cauca,Caldono,1913701,19137,2.8,-76.5
Cauca,Caloto,1914201,19142,3.03333,-76.41667
Cauca,Corinto,1921201,19212,3.175,-76.25167
Cauca,El Tambo,1925601,19256,2.45,-76.8125
Cauca,Florencia,1929001,19290,2.11667,-76.6
Cauca,Guachene,1930001,19300,3.1,-76.45
Cauca,Guapi,1931801,19318,2.56667,-77.88333
Cauca,Inza,1935501,19355,2.55,-76.06667
Cauca,Jambalo,1936401,19364,2.85,-76.3125
Cauca,La Sierra,1939201,19392,2.13333,-76.71667
Cauca,La Vega,1939701,19397,1.98333,-76.96667
Cauca,Lopez de Micay,1941801,19418,3.21667,-77.25
Cauca,Mercaderes,1945001,19450,1.8,-77.18333
Cauca,Miranda,1945501,19455,3.25,-76.23333
Cauca,Morales,1947301,19473,2.75,-76.63333
Cauca,Padilla,1951301,19513,3.2,-76.33333
Cauca,Paez,1951701,19517,2.73333,-76.01667
Cauca,Patia,1953201,19532,2.06667,-77.04167
Cauca,Piamonte,1953301,19533,0.34167,-76.53333
Cauca,Piendamo,1954801,19548,2.65,-76.5
Cauca,Puerto Tejada,1957301,19573,3.23833,-76.4175
Cauca,Purace,1958501,19585,2.35,-76.46667
Cauca,Rosas,1962201,19622,2.26667,-76.75
Cauca,San Sebastian,1969301,19693,1.9,-76.83333
Cauca,Santander de Quilichao,1969801,19698,3.00583,-76.48333
Cauca,Santa Rosa,1970101,19701,1.61667,-77.08333
Cauca,Silvia,1974301,19743,2.61667,-76.38333
Cauca,Sotara,1976001,19760,2.2,-76.55
Cauca,Suarez,1978001,19780,3.25,-76.65
Cauca,Sucre,1978501,19785,2.08333,-76.86667
Cauca,Timbio,1980701,19807,2.35,-76.68333
Cauca,Timbiqui,1980901,19809,2.76667,-77.68333
Cauca,Toribio,1982101,19821,2.96667,-76.2
Cauca,Totoro,1982401,19824,2.51667,-76.35
Cauca,Villa Rica,1984501,19845,3.155,-76.47583
Cesar,Valledupar,2000101,20001,10.47606,-73.25308
Cesar,Aguachica,2001101,20011,8.30833,-73.62083
Cesar,Agustin Codazzi,2001301,20013,10.03333,-73.23333
Cesar,Astrea,2003201,20032,9.5,-74.03333
Cesar,Becerril,2004501,20045,9.68333,-73.26667
Cesar,Bosconia,2006001,20060,9.975,-73.88333
Cesar,Chimichagua,2017501,20175,9.26583,-73.815
Cesar,Chiriguana,2017801,20178,9.3625,-73.6
Cesar,Curumani,2022801,20228,9.21167,-73.55
Cesar,El Copey,2023801,20238,10.15333,-73.95833
Cesar,El Paso,2025001,20250,9.65833,-73.66667
Cesar,Gamarra,2029501,20295,8.33333,-73.76667
Cesar,Gonzalez,2031001,20310,8.05,-73.38333
Cesar,La Gloria,2038301,20383,8.58333,-73.6
Cesar,La Jagua de Ibirico,2040001,20400,9.56083,-73.33333
Cesar,Manaure Balcon del Cesar,2044301,20443,10.3875,-73.325
Cesar,Pailitas,2051701,20517,8.95833,-73.61667
Cesar,Pelaya,2055001,20550,9.005,-73.66667
Cesar,Pueblo Bello,2057001,20570,10.41667,-73.6
Cesar,Rio de Oro,2061401,20614,8.29417,-73.40583
Cesar,La Paz,2062101,20621,10.40833,-73.175
Cesar,San Alberto,2071001,20710,7.75,-73.38333
Cesar,San Diego,2075001,20750,10.29583,-73.1875
Cesar,San Martin,2077001,20770,7.85833,-73.70417
Cesar,Tamalameque,2078701,20787,8.86667,-73.81667
Choco,Quibdo,2700101,27001,5.69383,-76.65718
Choco,Acandi,2700601,27006,8.51167,-77.28833
Choco,Alto Baudo,2702501,27025,6.0,-76.83333
Choco,Atrato,2705001,27050,5.88333,-76.65
Choco,Bagado,2707301,27073,5.86667,-76.58333
Choco,Bahia Solano,2707501,27075,6.23333,-77.4
Choco,Bajo Baudo,2707701,27077,5.13333,-76.73333
Choco,Bojaya,2709901,27099,6.73333,-76.75
Choco,El Canton del San Pablo,2713501,27135,5.38333,-76.8
Choco,Carmen del Darien,2715001,27150,7.38,-77.16667
Choco,Certegui,2716001,27160,5.63333,-76.73333
Choco,Condoto,2720501,27205,5.1,-76.65
Choco,El Carmen de Atrato,2724501,27245,5.93333,-76.13333
Choco,El Litoral del San Juan,2725001,27250,4.16667,-77.11667
Choco,Istmina,2736101,27361,5.16833,-76.68333
Choco,Jurado,2737201,27372,7.1,-77.76667
Choco,Lloro,2741301,27413,5.5,-76.55
Choco,Medio Atrato,2742501,27425,6.11833,-76.73833
Choco,Medio Baudo,2743001,27430,5.31667,-76.78333
Choco,Medio San Juan,2745001,27450,4.83333,-76.78333
Choco,Novita,2749101,27491,4.95,-76.6
Choco,Nuqui,2749501,27495,5.71667,-77.26667
Choco,Rio Iro,2758001,27580,4.91667,-76.66667
Choco,Rio Quito,2760001,27600,5.31583,-76.98083
Choco,Riosucio,2761501,27615,7.43333,-77.11667
Choco,San Jose del Palmar,2766001,27660,5.36667,-76.25
Choco,Sipi,2774501,27745,4.65,-76.65
Choco,Tado,2778701,27787,5.26667,-76.56667
Choco,Unguia,2780001,27800,8.04583,-77.09917
Choco,Union Panamericana,2781001,27810,5.18333,-76.76667
Cordoba,Monteria,2300101,23001,8.75768,-75.88143
Cordoba,Ayapel,2306801,23068,8.31528,-75.14139
Cordoba,Buenavista,2307901,23079,8.23333,-75.2
Cordoba,Canalete,2309001,23090,8.78333,-76.23333
Cordoba,Cerete,2316201,23162,8.88583,-75.7925
Cordoba,Chima,2316801,23168,9.15,-75.63333
Cordoba,Chinu,2318201,23182,9.1,-75.4
Cordoba,Cienaga de Oro,2318901,23189,8.88917,-75.61917
Cordoba,Cotorra,2330001,23300,9.04167,-75.79167
Cordoba,La Apartada,2335001,23350,7.88833,-75.41667
Cordoba,Lorica,2341701,23417,9.23333,-75.81667
Cordoba,Los Cordobas,2341901,23419,8.825,-76.35
Cordoba,Momil,2346401,23464,9.23333,-75.67
Cordoba,Montelibano,2346601,23466,7.98333,-75.43333
Cordoba,Monitos,2350001,23500,9.25,-76.13333
Cordoba,Planeta Rica,2355501,23555,8.41667,-75.58333
Cordoba,Pueblo Nuevo,2357001,23570,8.4875,-75.53083
Cordoba,Puerto Escondido,2357401,23574,8.91667,-76.25833
Cordoba,Puerto Libertador,2358001,23580,7.9,-75.68333
Cordoba,Purisima,2358601,23586,9.23333,-75.71667
Cordoba,Sahagun,2366001,23660,8.95,-75.45
Cordoba,San Andres de Sotavento,2367001,23670,9.14917,-75.6
Cordoba,San Antero,2367201,23672,9.38333,-75.75667
Cordoba,San Bernardo del Viento,2367501,23675,9.36667,-75.96667
Cordoba,San Carlos,2367801,23678,8.75333,-75.70917
Cordoba,San Jose de Ure,2368201,23682,7.7,-75.51667
Cordoba,San Pelayo,2368601,23686,9.0,-75.83333
Cordoba,Tierralta,2380701,23807,8.17083,-76.05667
Cordoba,Tuchin,2381501,23815,9.18333,-75.55
Cordoba,Valencia,2385501,23855,8.25417,-76.11583
Cundinamarca,Agua de Dios,2500101,25001,4.375,-74.66667
Cundinamarca,Alban,2501901,25019,4.88333,-74.43333
Cundinamarca,Anapoima,2503501,25035,4.55,-74.53333
Cundinamarca,Anolaima,2504001,25040,4.75,-74.475
Cundinamarca,Arbelaez,2505301,25053,4.275,-74.41667
Cundinamarca,Beltran,2508601,25086,4.61667,-74.95
Cundinamarca,Bituima,2509501,25095,4.86667,-74.55
Cundinamarca,Bojaca,2509901,25099,4.73333,-74.35
Cundinamarca,Cabrera,2512001,25120,3.98333,-74.48333
Cundinamarca,Cachipay,2512301,25123,4.73333,-74.43333
Cundinamarca,Cajica,2512601,25126,4.9175,-74.02583
Cundinamarca,Caparrapi,2514801,25148,5.35,-74.5
Cundinamarca,Caqueza,2515101,25151,4.4175,-73.94167
Cundinamarca,Carmen de Carupa,2515401,25154,5.35,-73.88333
Cundinamarca,Chaguani,2516801,25168,4.91667,-74.6
Cundinamarca,Chia,2517501,25175,4.86417,-73.93083
Cundinamarca,Chipaque,2517801,25178,4.44167,-74.05
Cundinamarca,Choachi,2518101,25181,4.53333,-73.91667
Cundinamarca,Choconta,2518301,25183,5.14083,-73.685
Cundinamarca,Cogua,2520001,25200,5.075,-73.98333
Cundinamarca,Cota,2521401,25214,4.81583,-74.1
Cundinamarca,Cucunuba,2522401,25224,5.25833,-73.78333
Cundinamarca,El Colegio,2524501,25245,4.57583,-74.44417
Cundinamarca,El Penon,2525801,25258,4.55833,-74.63333
Cundinamarca,El Rosal,2526001,25260,4.85417,-74.26583
Cundinamarca,Facatativa,2526901,25269,4.81417,-74.355
Cundinamarca,Fomeque,2527901,25279,4.48333,-73.9
Cundinamarca,Fosca,2528101,25281,4.35,-73.98333
Cundinamarca,Funza,2528601,25286,4.71667,-74.21167
Cundinamarca,Fuquene,2528801,25288,5.45833,-73.78333
Cundinamarca,Fusagasuga,2529001,25290,4.3375,-74.36333
Cundinamarca,Gachala,2529301,25293,4.38333,-73.56667
Cundinamarca,Gachancipa,2529501,25295,4.98333,-73.88333
Cundinamarca,Gacheta,2529701,25297,4.825,-73.63333
Cundinamarca,Gama,2529901,25299,4.85,-73.6
Cundinamarca,Girardot,2530701,25307,4.30333,-74.8025
Cundinamarca,Granada,2531201,25312,4.51667,-74.35
Cundinamarca,Guacheta,2531701,25317,5.35,-73.71667
Cundinamarca,Guaduas,2532001,25320,5.06917,-74.595
Cundinamarca,Guasca,2532201,25322,4.86583,-73.87167
Cundinamarca,Guataqui,2532401,25324,4.31667,-74.8
Cundinamarca,Guatavita,2532601,25326,4.93333,-73.83333
Cundinamarca,Guayabal de Siquima,2532801,25328,4.86583,-74.47917
Cundinamarca,Guayabetal,2533501,25335,4.2,-73.83333
Cundinamarca,Gutierrez,2533901,25339,4.23333,-74.0
Cundinamarca,Jerusalen,2536801,25368,4.55833,-74.7
Cundinamarca,Junin,2537201,25372,4.76917,-73.62083
Cundinamarca,La Calera,2537701,25377,4.72083,-73.9675
Cundinamarca,La Mesa,2538601,25386,4.63333,-74.46667
Cundinamarca,La Palma,2539401,25394,5.375,-74.38333
Cundinamarca,La Pena,2539801,25398,4.9,-74.65
Cundinamarca,La Vega,2540201,25402,4.98333,-74.34167
Cundinamarca,Lenguazaque,2540701,25407,5.3,-73.71667
Cundinamarca,Macheta,2542601,25426,5.08333,-73.71667
Cundinamarca,Madrid,2543001,25430,4.73417,-74.265
Cundinamarca,Manta,2543601,25436,4.775,-73.53333
Cundinamarca,Medina,2543801,25438,4.5,-73.35
Cundinamarca,Mosquera,2547301,25473,4.7075,-74.23417
Cundinamarca,Narino,2548301,25483,4.375,-74.76667
Cundinamarca,Nemocon,2548601,25486,5.03333,-73.88333
Cundinamarca,Nilo,2548801,25488,4.28333,-74.63333
Cundinamarca,Nimaima,2548901,25489,4.91667,-74.38333
Cundinamarca,Nocaima,2549101,25491,4.95,-74.38333
Cundinamarca,Venecia,2550601,25506,4.08333,-74.48333
Cundinamarca,Pacho,2551301,25513,5.13333,-74.16667
Cundinamarca,Paime,2551801,25518,5.31667,-74.13333
Cundinamarca,Pandi,2552401,25524,4.18333,-74.48333
Cundinamarca,Paratebueno,2553001,25530,4.38333,-73.21667
Cundinamarca,Pasca,2553501,25535,4.30833,-74.3
Cundinamarca,Puerto Salgar,2557201,25572,5.46667,-74.65
Cundinamarca,Puli,2558001,25580,4.73333,-74.63333
Cundinamarca,Quebradanegra,2559201,25592,4.96667,-74.4
Cundinamarca,Quetame,2559401,25594,4.35,-73.86667
Cundinamarca,Quipile,2559601,25596,4.73583,-74.5275
Cundinamarca,Apulo,2559901,25599,4.49183,-74.6425
Cundinamarca,Ricaurte,2561201,25612,4.28333,-74.75
Cundinamarca,San Antonio del Tequendama,2564501,25645,4.61833,-74.355
Cundinamarca,San Bernardo,2564901,25649,4.18333,-74.42583
Cundinamarca,San Cayetano,2565301,25653,5.31667,-74.03333
Cundinamarca,San Francisco,2565801,25658,4.96417,-74.29167
Cundinamarca,San Juan de Rio Seco,2566201,25662,4.85,-74.63333
Cundinamarca,Sasaima,2571801,25718,4.96417,-74.4375
Cundinamarca,Sesquile,2573601,25736,4.93333,-73.8
Cundinamarca,Sibate,2574001,25740,4.495,-74.25917
Cundinamarca,Silvania,2574301,25743,4.4125,-74.38917
Cundinamarca,Simijaca,2574501,25745,5.5,-73.85
Cundinamarca,Soacha,2575401,25754,4.57333,-74.21917
Cundinamarca,Sopo,2575801,25758,4.91467,-73.93583
Cundinamarca,Subachoque,2576901,25769,4.93333,-74.18333
Cundinamarca,Suesca,2577201,25772,5.1,-73.8
Cundinamarca,Supata,2577701,25777,5.08333,-74.28333
Cundinamarca,Susa,2577901,25779,5.45,-73.83333
Cundinamarca,Sutatausa,2578101,25781,5.26667,-73.85
Cundinamarca,Tabio,2578501,25785,4.91667,-74.1
Cundinamarca,Tausa,2579301,25793,5.21667,-73.9
Cundinamarca,Tena,2579701,25797,4.65,-74.38333
Cundinamarca,Tenjo,2579901,25799,4.87083,-74.14417
Cundinamarca,Tibacuy,2580501,25805,4.34583,-74.44917
Cundinamarca,Tibirita,2580701,25807,5.06667,-73.61667
Cundinamarca,Tocaima,2581501,25815,4.46917,-74.65
Cundinamarca,Tocancipa,2581701,25817,4.96417,-73.905
Cundinamarca,Topaipi,2582301,25823,5.51667,-74.33333
Cundinamarca,Ubala,2583901,25839,4.73333,-73.56667
Cundinamarca,Ubaque,2584101,25841,4.48333,-73.96667
Cundinamarca,Villa de San Diego de Ubate,2584301,25843,5.31167,-73.8175
Cundinamarca,Une,2584501,25845,4.4,-74.0
Cundinamarca,Utica,2585101,25851,5.18333,-74.48333
Cundinamarca,Vergara,2586201,25862,4.93333,-74.33333
Cundinamarca,Viani,2586701,25867,4.88333,-74.53333
Cundinamarca,Villagomez,2587101,25871,5.2,-74.1
Cundinamarca,Villapinzon,2587301,25873,5.2,-73.61667
Cundinamarca,Villeta,2587501,25875,5.01167,-74.47167
Cundinamarca,Viota,2587801,25878,4.43333,-74.525
Cundinamarca,Yacopi,2588501,25885,5.45,-74.33333
Cundinamarca,Zipacon,2589801,25898,4.75,-74.38333
Cundinamarca,Zipaquira,2589901,25899,5.02333,-74.00583
Guainia,Inirida,9400101,94001,3.865,-67.92361
Guainia,Barranco Minas,9434301,94343,3.86667,-67.98333
Guainia,Mapiripana,9466301,94663,2.88333,-68.78333
Guainia,San Felipe,9488301,94883,1.91667,-67.06667
Guainia,Puerto Colombia,9488401,94884,2.03333,-67.48333
Guainia,La Guadalupe,9488501,94885,1.61667,-68.01667
Guainia,Cacahual,9488601,94886,2.21667,-68.05
Guainia,Pana Pana,9488701,94887,2.95417,-68.13333
Guaviare,San Jose del Guaviare,9500101,95001,2.57139,-72.64111
Guaviare,Calamar,9501501,95015,1.96667,-72.63333
Guaviare,El Retorno,9502501,95025,2.33333,-72.63333
Guaviare,Miraflores,9520001,95200,1.35,-71.93333
Huila,Neiva,4100101,41001,2.92971,-75.2819
Huila,Acevedo,4100601,41006,1.81667,-75.88333
Huila,Agrado,4101301,41013,2.05,-75.75
Huila,Aipe,4101601,41016,3.21417,-75.23833
Huila,Algeciras,4102001,41020,2.525,-75.31667
Huila,Altamira,4102601,41026,2.08333,-75.78333
Huila,Baraya,4107801,41078,3.15833,-75.08333
Huila,Campoalegre,4113201,41132,2.68583,-75.33417
Huila,Colombia,4120601,41206,1.91667,-75.76667
Huila,Elias,4124401,41244,2.01667,-75.88333
Huila,Garzon,4129801,41298,2.19583,-75.62917
Huila,Gigante,4130601,41306,2.38333,-75.54583
Huila,Guadalupe,4131901,41319,2.01667,-75.71667
Huila,Hobo,4134901,41349,2.57083,-75.44583
Huila,Iquira,4135701,41357,2.65833,-75.63333
Huila,Isnos,4135901,41359,1.93333,-76.23333
Huila,La Argentina,4137801,41378,2.21667,-75.96667
Huila,La Plata,4139601,41396,2.38333,-75.88333
Huila,Nataga,4148301,41483,2.50833,-75.73333
Huila,Oporapa,4150301,41503,1.96917,-76.0125
Huila,Paicol,4151801,41518,2.36667,-75.65
Huila,Palermo,4152401,41524,2.90417,-75.41667
Huila,Palestina,4153001,41530,1.75,-75.73333
Huila,Pital,4154801,41548,2.039,-75.825
Huila,Pitalito,4155101,41551,1.84917,-76.04917
Huila,Rivera,4161501,41615,2.78333,-75.25833
Huila,Saladoblanco,4166001,41660,1.9,-76.11667
Huila,San Agustin,4166801,41668,1.8875,-76.275
Huila,Santa Maria,4167601,41676,2.96917,-75.93333
Huila,Suaza,4177001,41770,1.98333,-75.81667
Huila,Tarqui,4179101,41791,2.08333,-75.83333
Huila,Tesalia,4179701,41797,2.48583,-75.73333
Huila,Tello,4179901,41799,3.06667,-75.13333
Huila,Teruel,4180101,41801,2.73333,-75.58333
Huila,Timana,4180701,41807,1.975,-75.93333
Huila,Villavieja,4187201,41872,3.225,-75.21667
Huila,Yaguara,4188501,41885,2.68583,-75.5
La Guajira,Riohacha,4400101,44001,11.54444,-72.90722
La Guajira,Albania,4403501,44035,11.13333,-72.51667
La Guajira,Barrancas,4407801,44078,10.96667,-72.78333
La Guajira,Dibulla,4409001,44090,11.26667,-73.31667
La Guajira,Distraccion,4409801,44098,10.91667,-72.98333
La Guajira,El Molino,4411001,44110,10.71667,-73.0
La Guajira,Fonseca,4427901,44279,10.88333,-72.85
La Guajira,Hatonuevo,4437801,44378,11.06667,-72.76667
La Guajira,La Jagua del Pilar,4442001,44420,10.53333,-73.01667
La Guajira,Maicao,4443001,44430,11.38333,-72.24167
La Guajira,Manaure,4456001,44560,11.78333,-72.45
La Guajira,San Juan del Cesar,4465001,44650,10.76667,-73.0
La Guajira,Uribia,4484701,44847,11.71333,-72.27167
La Guajira,Urumita,4485501,44855,10.56667,-73.01667
La Guajira,Villanueva,4487401,44874,10.61583,-72.97417
Magdalena,Santa Marta,4700101,47001,11.24,-74.19917
Magdalena,Algarrobo,4703001,47030,10.15,-74.03333
Magdalena,Aracataca,4705301,47053,10.58333,-74.18333
Magdalena,Ariguani,4705801,47058,10.0,-74.05
Magdalena,Cerro de San Antonio,4716101,47161,9.70917,-74.82167
Magdalena,Chivolo,4717001,47170,9.95,-74.63333
Magdalena,Cienaga,4718901,47189,11.00583,-74.25267
Magdalena,Concordia,4720501,47205,9.51667,-74.73333
Magdalena,El Banco,4724501,47245,9.0,-73.98333
Magdalena,El Pinon,4725801,47258,9.86583,-74.85417
Magdalena,El Reten,4726801,47268,10.61667,-74.275
Magdalena,Fundacion,4728801,47288,10.51917,-74.18917
Magdalena,Guamal,4731801,47318,9.15,-74.23333
Magdalena,Nueva Granada,4746001,47460,9.8,-74.38333
Magdalena,Pedraza,4754101,47541,9.96667,-74.9
Magdalena,Pijino del Carmen,4754501,47545,9.33333,-74.4825
Magdalena,Pivijay,4755101,47551,10.46167,-74.605
Magdalena,Plato,4755501,47555,9.78667,-74.78167
Magdalena,Puebloviejo,4757001,47570,10.98333,-74.28333
Magdalena,Remolino,4760501,47605,10.68333,-74.63333
Magdalena,Sabanas de San Angel,4766001,47660,10.3,-74.33333
Magdalena,Salamina,4767501,47675,10.48333,-74.8
Magdalena,San Sebastian de Buenavista,4769201,47692,9.16667,-74.43333
Magdalena,San Zenon,4770301,47703,9.25,-74.5
Magdalena,Santa Ana,4770701,47707,9.31667,-74.57417
Magdalena,Santa Barbara de Pinto,4772001,47720,9.48333,-74.6125
Magdalena,Sitionuevo,4774501,47745,10.78333,-74.73333
Magdalena,Tenerife,4779801,47798,9.86583,-74.85417
Magdalena,Zapayan,4796001,47960,10.03333,-74.86667
Magdalena,Zona Bananera,4798001,47980,10.76667,-74.18333
Meta,Villavicencio,5000101,50001,4.14224,-73.6266
Meta,Acacias,5000601,50006,3.9875,-73.76667
Meta,Barranca de Upia,5011001,50110,4.575,-72.975
Meta,Cabuyaro,5012401,50124,4.3,-72.78333
Meta,Castilla la Nueva,5015001,50150,3.85,-73.66667
Meta,Cubarral,5022301,50223,3.83333,-74.08333
Meta,Cumaral,5022601,50226,4.28333,-73.48333
Meta,El Calvario,5024501,50245,4.355,-73.7
Meta,El Castillo,5025101,50251,3.5,-73.78333
Meta,El Dorado,5027001,50270,3.66667,-73.73333
Meta,Fuente de Oro,5028701,50287,3.48333,-73.61667
Meta,Granada,5031301,50313,3.54167,-73.71667
Meta,Guamal,5031801,50318,3.88333,-73.76667
Meta,Mapiripan,5032501,50325,2.89367,-72.13572
Meta,Mesetas,5033001,50330,3.37583,-74.03083
Meta,La Macarena,5035001,50350,2.18333,-73.78333
Meta,Lejanias,5037001,50370,3.53333,-74.01667
Meta,Puerto Concordia,5040001,50400,2.63333,-72.75
Meta,Puerto Gaitan,5045001,50450,4.31583,-72.0825
Meta,Puerto Lleras,5056801,50568,3.26667,-73.38333
Meta,Puerto Lopez,5057301,50573,4.08333,-72.95
Meta,Puerto Rico,5057701,50577,3.18417,-73.41833
Meta,Restrepo,5059001,50590,4.2525,-73.57167
Meta,San Carlos de Guaroa,5060601,50606,3.71667,-73.0
Meta,San Juan de Arama,5068001,50680,3.38333,-73.88333
Meta,San Juanito,5068301,50683,4.44167,-73.68333
Meta,San Martin,5068601,50686,3.69917,-73.70083
Meta,Uribe,5068901,50689,2.91133,-74.35372
Meta,Vistahermosa,5071101,50711,2.99583,-73.74583
Narino,Pasto,5200101,52001,1.21361,-77.28111
Narino,Alban,5201901,52019,1.56667,-77.51667
Narino,Aldana,5202201,52022,0.81667,-77.48333
Narino,Ancuya,5203601,52036,1.61667,-77.41667
Narino,Arboleda,5205101,52051,1.75,-77.08333
Narino,Barbacoas,5207901,52079,1.675,-78.13667
Narino,Belen,5208301,52083,1.6,-77.41667
Narino,Buesaco,5211001,52110,1.38333,-77.15
Narino,Colon,5220301,52203,1.18333,-77.05
Narino,Consaca,5220701,52207,1.2,-77.45
Narino,Contadero,5221001,52210,0.95,-77.61667
Narino,Cordoba,5221501,52215,1.61667,-77.48333
Narino,Cuaspud,5222401,52224,0.86583,-77.53333
Narino,Cumbal,5222701,52227,0.91,-77.81167
Narino,Cumbitara,5223301,52233,1.68333,-77.81667
Narino,El Charco,5224001,52240,2.48333,-78.11667
Narino,El Penol,5225001,52250,1.46667,-77.48333
Narino,El Rosario,5225401,52254,1.56833,-77.7925
Narino,El Tablon de Gomez,5225601,52256,1.4,-77.11667
Narino,El Tambo,5225801,52258,1.4,-77.4
Narino,Francisco Pizarro,5252001,52520,1.18333,-78.73333
Narino,Funes,5232001,52320,0.93333,-77.45
Narino,Guachucal,5232301,52323,0.98333,-77.75833
Narino,Guaitarilla,5232501,52325,1.12417,-77.55
Narino,Gualmatan,5232701,52327,0.91667,-77.61667
Narino,Iles,5235401,52354,0.98333,-77.61667
Narino,Imues,5235601,52356,1.06667,-77.5
Narino,Ipiales,5237801,52378,0.82917,-77.64083
Narino,La Cruz,5238101,52381,1.58333,-76.96667
Narino,La Florida,5238501,52385,1.3,-77.41667
Narino,La Llanada,5239001,52390,1.53333,-77.51667
Narino,La Tola,5239901,52399,2.88333,-78.23333
Narino,La Union,5240501,52405,1.61917,-77.1325
Narino,Leiva,5241101,52411,1.61667,-77.88333
Narino,Linares,5241801,52418,1.38333,-77.5
Narino,Los Andes,5242701,52427,1.48333,-77.41667
Narino,Magui,5243501,52435,1.83667,-78.0
Narino,Mallama,5243601,52436,0.96667,-78.0
Narino,Mosquera,5247301,52473,2.5,-78.41667
Narino,Narino,5248001,52480,1.3,-77.45
Narino,Olaya Herrera,5249001,52490,3.03333,-77.93333
Narino,Ospina,5250601,52506,0.83333,-77.61667
Narino,Policarpa,5254001,52540,1.73333,-77.88333
Narino,Potosi,5256001,52560,0.84583,-77.54167
Narino,Providencia,5256501,52565,0.65,-77.51667
Narino,Puerres,5257301,52573,0.83333,-77.48333
Narino,Pupiales,5258501,52585,0.85,-77.63333
Narino,Ricaurte,5261201,52612,1.2,-78.0
Narino,Roberto Payan,5262101,52621,1.96667,-78.01667
Narino,Samaniego,5267801,52678,1.33333,-77.6
Narino,Sandona,5268301,52683,1.28333,-77.46667
Narino,San Bernardo,5268501,52685,1.51583,-77.01667
Narino,San Lorenzo,5268701,52687,1.58333,-77.21583
Narino,San Pablo,5269301,52693,1.48333,-77.4
Narino,San Pedro de Cartago,5269401,52694,1.43333,-77.03333
Narino,Santa Barbara,5269601,52696,1.85,-77.51667
Narino,Santacruz,5269901,52699,0.96667,-77.78333
Narino,Sapuyes,5272001,52720,0.81667,-77.68333
Narino,Taminango,5278601,52786,1.57083,-77.31583
Narino,Tangua,5278801,52788,1.1,-77.38333
Narino,San Andres de Tumaco,5283501,52835,1.805278,-78.761667
Narino,Tuquerres,5283801,52838,1.08333,-77.61667
Narino,Yacuanquer,5288501,52885,1.18333,-77.4
Norte de Santander,Cucuta,5400101,54001,7.89392,-72.50782
Norte de Santander,Abrego,5400301,54003,8.08333,-73.23333
Norte de Santander,Arboledas,5405101,54051,7.41667,-72.93333
Norte de Santander,Bochalema,5409901,54099,7.58333,-72.68333
Norte de Santander,Bucarasica,5410901,54109,8.00833,-73.03333
Norte de Santander,Cacota,5412501,54125,7.28333,-72.71667
Norte de Santander,Cachira,5412801,54128,7.73333,-73.03333
Norte de Santander,Chinacota,5417201,54172,7.61583,-72.60583
Norte de Santander,Chitaga,5417401,54174,7.08333,-72.63333
Norte de Santander,Convencion,5420601,54206,8.46667,-73.35
Norte de Santander,Cucutilla,5422301,54223,7.58333,-72.9
Norte de Santander,Durania,5423901,54239,7.51667,-72.68333
Norte de Santander,El Carmen,5424501,54245,8.23333,-73.48333
Norte de Santander,El Tarra,5425001,54250,8.56667,-73.08333
Norte de Santander,El Zulia,5426101,54261,7.93333,-72.6
Norte de Santander,Gramalote,5431301,54313,7.88333,-72.81667
Norte de Santander,Hacari,5434401,54344,8.35833,-73.18333
Norte de Santander,Herran,5434701,54347,7.4375,-72.45833
Norte de Santander,Labateca,5437701,54377,7.26583,-72.53333
Norte de Santander,La Esperanza,5438501,54385,8.13333,-73.0
Norte de Santander,La Playa de Belen,5439801,54398,8.08333,-73.15
Norte de Santander,Los Patios,5440501,54405,7.83833,-72.49917
Norte de Santander,Lourdes,5441801,54418,8.03333,-72.93333
Norte de Santander,Mutiscua,5448001,54480,7.23333,-72.78333
Norte de Santander,Ocana,5449801,54498,8.235,-73.35417
Norte de Santander,Pamplona,5451801,54518,7.37583,-72.6475
Norte de Santander,Pamplonita,5452001,54520,7.51667,-72.6
Norte de Santander,Puerto Santander,5455301,54553,7.86667,-72.41083
Norte de Santander,Ragonvalia,5459901,54599,7.53333,-72.5
Norte de Santander,Salazar,5466001,54660,7.76667,-72.78333
Norte de Santander,San Calixto,5467301,54673,8.35833,-73.1
Norte de Santander,San Cayetano,5467601,54676,7.73333,-72.68333
Norte de Santander,Santiago,5468001,54680,7.53333,-72.8
Norte de Santander,Sardinata,5472001,54720,8.08333,-72.78333
Norte de Santander,Silos,5474301,54743,7.1,-72.71667
Norte de Santander,Teorama,5480001,54800,8.4225,-73.215
Norte de Santander,Tibu,5481001,54810,8.65,-72.73333
Norte de Santander,Toledo,5482001,54820,7.31667,-72.53333
Norte de Santander,Villa Caro,5487101,54871,8.11583,-73.21333
Norte de Santander,Villa del Rosario,5487401,54874,7.83583,-72.4775
Putumayo,Mocoa,8600101,86001,1.15194,-76.64811
Putumayo,Colon,8621901,86219,1.03333,-76.96667
Putumayo,Orito,8632001,86320,0.66667,-76.88333
Putumayo,Puerto Asis,8656801,86568,0.51667,-76.5
Putumayo,Puerto Caicedo,8656901,86569,0.68333,-76.58333
Putumayo,Puerto Guzman,8657101,86571,0.95,-76.4
Putumayo,Leguizamo,8657301,86573,0.2,-74.76667
Putumayo,Sibundoy,8674901,86749,1.18333,-76.91667
Putumayo,San Francisco,8675501,86755,1.11667,-76.86667
Putumayo,San Miguel,8675701,86757,0.33333,-76.9
Putumayo,Santiago,8676001,86760,1.15,-76.98333
Putumayo,Valle del Guamuez,8686501,86865,0.43333,-76.81667
Putumayo,Villagarzon,8688501,86885,1.03333,-76.625
Quindio,Armenia,6300101,63001,4.53382,-75.68055
Quindio,Buenavista,6311101,63111,4.33333,-75.71667
Quindio,Calarca,6313001,63130,4.53333,-75.66667
Quindio,Circasia,6319001,63190,4.61667,-75.63333
Quindio,Cordoba,6321201,63212,4.35833,-75.65
Quindio,Filandia,6327201,63272,4.68333,-75.65
Quindio,Genova,6330201,63302,4.22917,-75.75833
Quindio,La Tebaida,6340101,63401,4.45,-75.78333
Quindio,Montenegro,6347001,63470,4.56667,-75.75
Quindio,Pijao,6354801,63548,4.31583,-75.69583
Quindio,Quimbaya,6359401,63594,4.62083,-75.7625
Quindio,Salento,6369001,63690,4.63917,-75.57583
Risaralda,Pereira,6600101,66001,4.81373,-75.69601
Risaralda,Apia,6604501,66045,5.11083,-75.96667
Risaralda,Balboa,6607501,66075,4.93333,-75.96667
Risaralda,Belen de Umbria,6608801,66088,5.2,-75.875
Risaralda,Dosquebradas,6617001,66170,4.83417,-75.66667
Risaralda,Guatica,6631801,66318,5.33333,-75.81667
Risaralda,La Celia,6638301,66383,5.01667,-76.00833
Risaralda,La Virginia,6640001,66400,4.89833,-75.87833
Risaralda,Marsella,6644001,66440,4.93667,-75.74917
Risaralda,Mistrato,6645601,66456,5.26083,-75.995
Risaralda,Pueblo Rico,6657201,66572,5.23333,-76.03333
Risaralda,Quinchia,6659401,66594,5.33333,-75.73333
Risaralda,Santa Rosa de Cabal,6668201,66682,4.86917,-75.62167
Risaralda,Santuario,6668701,66687,5.0625,-75.96583
San Andres y Providencia,San Andres,8800101,88001,12.53444,-81.72028
San Andres y Providencia,Providencia,8856401,88564,13.35,-81.36667
Santander,Bucaramanga,6800101,68001,7.12991,-73.12574
Santander,Aguada,6801301,68013,6.10083,-73.65583
Santander,Albania,6802001,68020,6.13333,-73.4
Santander,Aratoca,6805101,68051,6.7,-72.88333
Santander,Barbosa,6807701,68077,5.9375,-73.61667
Santander,Barichara,6807901,68079,6.63333,-73.21667
Santander,Barrancabermeja,6808101,68081,7.065,-73.85611
Santander,Betulia,6809201,68092,6.93333,-73.16667
Santander,Bolivar,6810101,68101,5.85833,-73.76667
Santander,Cabrera,6812101,68121,5.66667,-73.55
Santander,California,6813201,68132,7.33333,-72.98333
Santander,Capitanejo,6814701,68147,6.55,-72.71583
Santander,Carcasi,6815201,68152,6.63333,-72.68333
Santander,Cepita,6816001,68160,6.58333,-72.95
Santander,Cerrito,6816201,68162,6.88333,-73.0
Santander,Charala,6816701,68167,6.28333,-73.16667
Santander,Charta,6816901,68169,7.26667,-72.98333
Santander,Chima,6817601,68176,6.13333,-73.65
Santander,Chipata,6817901,68179,6.125,-73.48333
Santander,Cimitarra,6819001,68190,6.31667,-74.08333
Santander,Concepcion,6820701,68207,6.88333,-72.91667
Santander,Confines,6820901,68209,6.48333,-73.4
Santander,Contratacion,6821101,68211,6.31667,-73.45
Santander,Coromoro,6821701,68217,6.31667,-73.23333
Santander,Curiti,6822901,68229,6.63333,-73.06083
Santander,El Carmen de Chucuri,6823501,68235,6.68333,-73.53333
Santander,El Guacamayo,6824501,68245,6.95833,-73.35833
Santander,El Penon,6825001,68250,6.51667,-73.85
Santander,El Playon,6825501,68255,7.23833,-73.17833
Santander,Encino,6826401,68264,6.21667,-73.08333
Santander,Enciso,6826601,68266,6.63333,-72.88333
Santander,Florian,6827101,68271,6.13333,-73.88333
Santander,Floridablanca,6827601,68276,7.06583,-73.09333
Santander,Galan,6829601,68296,6.6,-73.48333
Santander,Gambita,6829801,68298,6.35,-73.25
Santander,Giron,6830701,68307,7.07083,-73.1675
Santander,Guaca,6831801,68318,7.23333,-72.88333
Santander,Guadalupe,6832001,68320,6.33333,-73.38333
Santander,Guapota,6832201,68322,6.38333,-73.43333
Santander,Guavata,6832401,68324,5.98333,-73.68333
Santander,Guepsa,6832701,68327,6.01917,-73.60083
Santander,Hato,6834401,68344,6.23333,-72.95
Santander,Jesus Maria,6836801,68368,6.48333,-73.86667
Santander,Jordan,6837001,68370,6.8,-72.9
Santander,La Belleza,6837701,68377,5.8625,-73.96167
Santander,Landazuri,6838501,68385,6.23333,-73.81667
Santander,La Paz,6839701,68397,5.725,-73.55
Santander,Lebrija,6840601,68406,7.13333,-73.21667
Santander,Los Santos,6841801,68418,6.78333,-73.1
Santander,Macaravita,6842501,68425,6.55,-72.65
Santander,Malaga,6843201,68432,6.7125,-72.73667
Santander,Matanza,6844401,68444,7.38333,-73.08333
Santander,Mogotes,6846401,68464,6.48333,-72.96667
Santander,Molagavita,6846801,68468,6.65,-72.7
Santander,Ocamonte,6849801,68498,6.15833,-73.18333
Santander,Oiba,6850001,68500,6.27917,-73.2925
Santander,Onzaga,6850201,68502,6.33333,-72.93333
Santander,Palmar,6852201,68522,6.58333,-73.68333
Santander,Palmas del Socorro,6852401,68524,6.36667,-73.28333
Santander,Paramo,6853301,68533,6.41667,-73.21667
Santander,Piedecuesta,6854701,68547,6.98833,-73.04917
Santander,Pinchote,6854901,68549,6.58333,-73.18333
Santander,Puente Nacional,6857201,68572,5.87917,-73.68333
Santander,Puerto Parra,6857301,68573,6.25,-74.1
Santander,Puerto Wilches,6857501,68575,7.35,-73.9
Santander,Rionegro,6861501,68615,7.36083,-73.19667
Santander,Sabana de Torres,6865501,68655,7.38333,-73.5
Santander,San Andres,6866901,68669,6.83333,-72.88333
Santander,San Benito,6867301,68673,6.2,-73.58333
Santander,San Gil,6867901,68679,6.55583,-73.13583
Santander,San Joaquin,6868201,68682,6.48333,-72.83333
Santander,San Jose de Miranda,6868401,68684,6.86667,-73.0
Santander,San Miguel,6868601,68686,6.15833,-73.13333
Santander,San Vicente de Chucuri,6868901,68689,6.89333,-73.38417
Santander,Santa Barbara,6870501,68705,5.85833,-73.61667
Santander,Santa Helena del Opon,6872001,68720,6.5,-73.75
Santander,Simacota,6874501,68745,6.3,-73.48333
Santander,Socorro,6875501,68755,6.46333,-73.26333
Santander,Suaita,6877001,68770,6.13333,-73.46083
Santander,Sucre,6877301,68773,5.91667,-73.56833
Santander,Surata,6878001,68780,7.4375,-73.025
Santander,Tona,6882001,68820,7.2,-72.98333
Santander,Valle de San Jose,6885501,68855,6.4,-73.13333
Santander,Velez,6886101,68861,6.01583,-73.6775
Santander,Vetas,6886701,68867,7.38333,-72.91667
Santander,Villanueva,6887201,68872,7.21667,-73.03333
Santander,Zapatoca,6889501,68895,6.8125,-73.265
Sucre,Sincelejo,7000101,70001,9.30417,-75.39751
Sucre,Buenavista,7011001,70110,8.98333,-75.2
Sucre,Caimito,7012401,70124,8.9,-75.53333
Sucre,Coloso,7020401,70204,9.48167,-75.35333
Sucre,Corozal,7021501,70215,9.32083,-75.295
Sucre,Covenas,7022101,70221,9.39917,-75.68167
Sucre,Chalan,7023001,70230,9.46583,-75.32417
Sucre,El Roble,7023501,70235,9.16667,-75.41667
Sucre,Galeras,7026501,70265,9.1,-74.86667
Sucre,Guaranda,7040001,70400,8.46667,-75.05
Sucre,La Union,7041801,70418,9.25,-75.36667
Sucre,Los Palmitos,7042901,70429,9.36667,-75.26667
Sucre,Majagual,7047301,70473,8.53333,-74.63333
Sucre,Morroa,7050801,70508,9.33333,-75.28333
Sucre,Ovejas,7052301,70523,9.52167,-75.2275
Sucre,Palmito,7053301,70533,9.36667,-75.51167
Sucre,Sampues,7055801,70558,9.18333,-75.38333
Sucre,San Benito Abad,7067001,70670,8.93333,-74.23333
Sucre,San Juan de Betulia,7067801,70678,9.28333,-75.31667
Sucre,San Marcos,7070201,70702,8.66667,-75.13333
Sucre,San Onofre,7070801,70708,9.73667,-75.53333
Sucre,San Pedro,7071301,70713,9.25,-75.48333
Sucre,Since,7071701,70717,9.24583,-75.15583
Sucre,Sucre,7082001,70820,8.81667,-74.72583
Sucre,Tolu,7082301,70823,9.52083,-75.5675
Sucre,Tolu Viejo,7082801,70828,9.46583,-75.42917
Tolima,Ibague,7300101,73001,4.43889,-75.23222
Tolima,Alpujarra,7302401,73024,3.4,-75.0
Tolima,Alvarado,7302601,73026,4.56667,-74.96667
Tolima,Ambalema,7303001,73030,4.78333,-74.76667
Tolima,Anzoategui,7304301,73043,4.31667,-75.08333
Tolima,Armero,7305501,73055,4.96583,-74.9
Tolima,Ataco,7306701,73067,3.6,-75.38333
Tolima,Cajamarca,7312401,73124,4.44167,-75.42917
Tolima,Carmen de Apicala,7314801,73148,4.15417,-74.72417
Tolima,Casabianca,7315201,73152,5.03333,-75.16667
Tolima,Chaparral,7316801,73168,3.725,-75.48583
Tolima,Coello,7320001,73200,4.31667,-74.91667
Tolima,Coyaima,7321701,73217,3.78333,-75.19583
Tolima,Cunday,7322601,73226,3.98333,-74.66583
Tolima,Dolores,7323601,73236,3.56667,-74.91667
Tolima,Espinal,7326801,73268,4.15083,-74.885
Tolima,Falan,7327001,73270,5.11667,-74.98333
Tolima,Flandes,7327501,73275,4.28333,-74.81583
Tolima,Fresno,7328301,73283,5.15833,-75.03333
Tolima,Guamo,7331901,73319,4.03333,-74.96667
Tolima,Herveo,7334701,73347,5.25,-75.21667
Tolima,Honda,7334901,73349,5.20583,-74.7425
Tolima,Icononzo,7335201,73352,4.18333,-74.525
Tolima,Lerida,7340801,73408,4.86583,-74.93333
Tolima,Libano,7341101,73411,4.9175,-75.06167
Tolima,Mariquita,7344301,73443,5.20167,-74.90333
Tolima,Melgar,7344901,73449,4.2,-74.64583
Tolima,Murillo,7346101,73461,4.86417,-75.3
Tolima,Natagaima,7348301,73483,3.62083,-75.09167
Tolima,Ortega,7350401,73504,3.92917,-75.25833
Tolima,Palocabildo,7352001,73520,5.3,-75.11667
Tolima,Piedras,7354701,73547,4.08333,-74.9
Tolima,Planadas,7355501,73555,3.2,-75.65
Tolima,Prado,7356301,73563,3.73333,-74.91667
Tolima,Purificacion,7358501,73585,3.85833,-74.93333
Tolima,Rioblanco,7361601,73616,3.50833,-75.7125
Tolima,Roncesvalles,7362201,73622,4.01667,-75.6
Tolima,Rovira,7362401,73624,4.24167,-75.25
Tolima,Saldana,7367101,73671,3.9375,-75.01167
Tolima,San Antonio,7367501,73675,3.9375,-75.15
Tolima,San Luis,7367801,73678,4.16667,-75.08333
Tolima,Santa Isabel,7368601,73686,5.05,-75.28333
Tolima,Suarez,7377001,73770,3.70833,-75.18583
Tolima,Valle de San Juan,7385401,73854,4.06667,-75.01667
Tolima,Venadillo,7386101,73861,4.71667,-74.93333
Tolima,Villahermosa,7387001,73870,5.01667,-75.21667
Tolima,Villarrica,7387301,73873,3.88167,-75.51583
Valle del Cauca,Cali,7600101,76001,3.45105,-76.53215
Valle del Cauca,Alcala,7602001,76020,4.68333,-75.78333
Valle del Cauca,Andalucia,7603601,76036,3.83333,-76.15
Valle del Cauca,Ansermanuevo,7604101,76041,4.8,-75.96667
Valle del Cauca,Argelia,7605401,76054,4.70417,-76.13917
Valle del Cauca,Bolivar,7610001,76100,4.3375,-76.18333
Valle del Cauca,Buenaventura,7610901,76109,3.88594,-77.01731
Valle del Cauca,Guadalajara de Buga,7611101,76111,3.9,-76.30833
Valle del Cauca,Bugalagrande,7611301,76113,4.21667,-76.15667
Valle del Cauca,Caicedonia,7612201,76122,4.33333,-75.83333
Valle del Cauca,Calima,7612601,76126,3.93333,-76.45
Valle del Cauca,Candelaria,7613001,76130,3.41583,-76.34833
Valle del Cauca,Cartago,7614701,76147,4.74583,-75.9125
Valle del Cauca,Dagua,7623301,76233,3.65917,-76.68583
Valle del Cauca,El Aguila,7624301,76243,4.95833,-76.05
Valle del Cauca,El Cairo,7624601,76246,4.93333,-76.25
Valle del Cauca,El Cerrito,7624801,76248,3.6875,-76.15333
Valle del Cauca,El Dovio,7625001,76250,4.51667,-76.28333
Valle del Cauca,Florida,7627501,76275,3.325,-76.23333
Valle del Cauca,Ginebra,7630601,76306,3.73333,-76.26667
Valle del Cauca,Guacari,7631801,76318,3.78333,-76.33333
Valle del Cauca,Jamundi,7636401,76364,3.25833,-76.53583
Valle del Cauca,La Cumbre,7637701,76377,3.65583,-76.56583
Valle del Cauca,La Union,7640001,76400,4.5375,-76.10083
Valle del Cauca,La Victoria,7640301,76403,4.52083,-75.885
Valle del Cauca,Obando,7649701,76497,4.58333,-75.85
Valle del Cauca,Palmira,7652001,76520,3.53917,-76.30333
Valle del Cauca,Pradera,7656301,76563,3.41667,-76.24167
Valle del Cauca,Restrepo,7660601,76606,3.81833,-76.53333
Valle del Cauca,Riofrio,7661601,76616,3.91583,-76.38333
Valle del Cauca,Roldanillo,7662201,76622,4.41083,-76.15583
Valle del Cauca,San Pedro,7667001,76670,3.98583,-76.38083
Valle del Cauca,Sevilla,7673601,76736,4.26583,-75.93583
Valle del Cauca,Toro,7682301,76823,4.59583,-76.085
Valle del Cauca,Trujillo,7682801,76828,4.23667,-76.31667
Valle del Cauca,Tulua,7683401,76834,4.085,-76.19833
Valle del Cauca,Ulloa,7684501,76845,4.71133,-75.78
Valle del Cauca,Versalles,7686301,76863,4.66917,-76.17917
Valle del Cauca,Vijes,7686901,76869,3.71667,-76.44
Valle del Cauca,Yotoco,7689001,76890,3.86667,-76.40167
Valle del Cauca,Yumbo,7689201,76892,3.5925,-76.4925
Valle del Cauca,Zarzal,7689501,76895,4.3975,-76.07833
Vaupes,Mitu,9700101,97001,1.19806,-70.17389
Vaupes,Caruru,9716101,97161,1.0125,-71.2875
Vaupes,Pacoa,9751101,97511,0.2125,-71.33333
Vaupes,Taraira,9766601,97666,-1.0,-69.6
Vaupes,Papunaua,9777701,97777,0.3625,-71.6425
Vaupes,Yavarate,9788901,97889,0.625,-70.88333
Vichada,Puerto Carreno,9900101,99001,6.19,-67.49
Vichada,La Primavera,9952401,99524,5.48333,-70.41667
Vichada,Santa Rosalia,9962401,99624,4.96,-70.86
Vichada,Cumaribo,9977301,99773,4.16667,-69.15
