department,municipality,postal_code,dane_code,latitude,longitude
Amazonas,Leticia,910001,91001,-4.21528600,-69.94053600
Amazonas,Puerto Nariño,910001,91540,-3.76670000,-70.37670000
Antioquia,Medellín,050010,05001,6.24422000,-75.58121000
Antioquia,Abejorral,056040,05002,5.79185000,-75.43300000
Antioquia,Abriaquí,056040,05004,6.63333000,-76.30000000
Antioquia,Alejandría,054030,05021,6.36667000,-75.08333000
Antioquia,Amagá,055440,05030,6.03333000,-75.70000000
Antioquia,Amalfi,054030,05031,6.91167000,-75.07500000
Antioquia,Andes,056040,05034,5.65583000,-75.88333000
Antioquia,Angelópolis,055440,05036,6.11667000,-75.71667000
Antioquia,Angostura,054030,05038,6.86667000,-75.33333000
Antioquia,Anorí,054030,05040,7.06667000,-75.13333000
Antioquia,Santafé de Antioquia,056040,05042,6.55917000,-75.82500000
Antioquia,Anzá,056040,05044,6.31667000,-75.86667000
Antioquia,Apartadó,057800,05045,7.88083000,-76.62722000
Antioquia,Arboletes,057840,05051,8.85444000,-76.42750000
Antioquia,Argelia,054030,05055,5.73333000,-76.15000000
Antioquia,Armenia,050020,05059,6.46667000,-75.68333000
Antioquia,Barbosa,054040,05079,6.43750000,-75.33167000
Antioquia,Belmira,054040,05086,6.60417000,-75.66667000
Antioquia,Bello,054040,05088,6.33750000,-75.55583000
Antioquia,Betania,056040,05091,5.99583000,-75.96000000
Antioquia,Betulia,056040,05093,6.10917000,-75.98000000
Antioquia,Ciudad Bolívar,056040,05101,5.85490000,-76.02080000
Antioquia,Briceño,054030,05107,7.10000000,-75.50000000
Antioquia,Buriticá,056040,05113,6.71667000,-75.91667000
Antioquia,Cáceres,057830,05120,7.58333000,-75.33333000
Antioquia,Caicedo,056040,05125,6.40000000,-76.11667000
Antioquia,Caldas,050040,05129,6.09083000,-75.63417000
Antioquia,Campamento,054030,05134,7.02500000,-75.27667000
Antioquia,Cañasgordas,056040,05138,6.73333000,-76.01667000
Antioquia,Caracolí,054030,05142,6.43167000,-74.76667000
Antioquia,Caramanta,056040,05145,5.54583000,-75.62500000
Antioquia,Carepa,057810,05147,7.75667000,-76.65333000
Antioquia,El Carmen de Viboral,054050,05148,6.08333000,-75.33333000
Antioquia,Carolina,054030,05150,6.73333000,-75.33333000
Antioquia,Caucasia,057830,05154,7.99417000,-75.19333000
Antioquia,Chigorodó,057810,05172,7.66750000,-76.68500000
Antioquia,Cisneros,054030,05190,6.54167000,-74.98333000
Antioquia,Cocorná,054050,05197,6.05000000,-75.18333000
Antioquia,Concepción,054030,05206,6.32917000,-75.26583000
Antioquia,Concordia,056040,05209,6.05000000,-75.90000000
Antioquia,Copacabana,054040,05212,6.35333000,-75.50250000
Antioquia,Dabeiba,056040,05234,7.00000000,-76.26667000
Antioquia,Don Matías,054040,05237,6.50000000,-75.40000000
Antioquia,Ebéjico,056040,05240,6.31667000,-75.91667000
Antioquia,El Bagre,057830,05250,7.59500000,-74.80917000
Antioquia,Entrerríos,054040,05264,6.56667000,-75.55000000
Antioquia,Envigado,050020,05266,6.17500000,-75.59167000
Antioquia,Fredonia,055440,05282,5.93333000,-75.68333000
Antioquia,Frontino,056040,05284,6.78333000,-76.13333000
Antioquia,Giraldo,056040,05306,6.61667000,-75.93333000
Antioquia,Girardota,054040,05308,6.37250000,-75.44833000
Antioquia,Gómez Plata,054030,05310,6.68333000,-75.20000000
Antioquia,Granada,054050,05313,6.15000000,-75.18333000
Antioquia,Guadalupe,054030,05315,6.80000000,-75.23333000
Antioquia,Guarne,054050,05318,6.28583000,-75.43667000
Antioquia,Guatapé,054050,05321,6.23333000,-75.15833000
Antioquia,Heliconia,056040,05347,6.20000000,-75.75000000
Antioquia,Hispania,056040,05353,5.81667000,-75.91667000
Antioquia,Itagüí,050020,05360,6.18500000,-75.59917000
Antioquia,Ituango,054030,05361,7.16667000,-75.75000000
Antioquia,Jardín,056040,05364,5.59583000,-75.82167000
Antioquia,Jericó,056040,05368,5.79417000,-75.78333000
Antioquia,La Ceja,054050,05376,6.01917000,-75.43917000
Antioquia,La Estrella,050020,05380,6.15833000,-75.64167000
Antioquia,La Pintada,055440,05390,5.74583000,-75.60000000
Antioquia,La Unión,056040,05400,5.97583000,-75.36583000
Antioquia,Liborina,054030,05411,6.68333000,-75.66667000
Antioquia,Maceo,054030,05425,6.55000000,-74.76667000
Antioquia,Marinilla,054050,05440,6.17583000,-75.34083000
Antioquia,Montebello,056040,05467,5.94583000,-75.51667000
Antioquia,Murindó,057840,05475,6.97750000,-76.73833000
Antioquia,Mutatá,057810,05480,7.24167000,-76.43333000
Antioquia,Nariño,054030,05483,5.81667000,-74.93333000
Antioquia,Necoclí,057840,05490,8.42500000,-76.78333000
Antioquia,Nechí,057830,05495,8.10833000,-74.77500000
Antioquia,Olaya,056040,05501,6.58333000,-75.91667000
Antioquia,Peñol,054050,05541,6.21667000,-75.23333000
Antioquia,Peque,056040,05543,7.01667000,-75.91667000
Antioquia,Pueblorrico,056040,05576,5.76667000,-75.91667000
Antioquia,Puerto Berrío,054030,05579,6.49167000,-74.40833000
Antioquia,Puerto Nare,054030,05585,6.20000000,-74.58333000
Antioquia,Puerto Triunfo,054030,05591,5.88333000,-74.71667000
Antioquia,Remedios,057830,05604,7.02500000,-74.69167000
Antioquia,Retiro,054050,05607,6.06250000,-75.50417000
Antioquia,Rionegro,054050,05615,6.15333000,-75.37417000
Antioquia,Sabanalarga,056040,05628,6.85000000,-75.81667000
Antioquia,Sabaneta,050020,05631,6.14333000,-75.61750000
Antioquia,Salgar,056040,05642,5.96250000,-75.98667000
Antioquia,San Andrés de Cuerquia,054030,05647,6.56667000,-75.65000000
Antioquia,San Carlos,054050,05649,6.18750000,-74.99583000
Antioquia,San Francisco,054050,05652,6.29583000,-75.11583000
Antioquia,San Jerónimo,056040,05656,6.33333000,-75.76667000
Antioquia,San José de la Montaña,054040,05658,6.83333000,-75.68333000
Antioquia,San Juan de Urabá,057840,05659,8.76667000,-76.53333000
Antioquia,San Luis,054050,05660,6.03333000,-74.98333000
Antioquia,San Pedro de los Milagros,054040,05664,6.48667000,-75.58833000
Antioquia,San Pedro de Urabá,057840,05665,8.28167000,-76.38333000
Antioquia,San Rafael,054050,05667,6.28333000,-75.03333000
Antioquia,San Roque,054030,05670,6.48583000,-75.03333000
Antioquia,San Vicente Ferrer,054050,05674,6.31083000,-75.34750000
Antioquia,Santa Bárbara,056040,05679,5.86250000,-75.57333000
Antioquia,Santa Rosa de Osos,054040,05686,6.64583000,-75.44500000
Antioquia,Santo Domingo,054030,05690,6.47500000,-75.16917000
Antioquia,El Santuario,054050,05697,6.14167000,-75.26667000
Antioquia,Segovia,057830,05736,7.08333000,-74.70000000
Antioquia,Sonsón,056040,05756,5.71667000,-75.31667000
Antioquia,Sopetrán,056040,05761,6.50000000,-75.75000000
Antioquia,Támesis,056040,05789,5.66667000,-75.71667000
Antioquia,Tarazá,057830,05790,7.88333000,-75.38333000
Antioquia,Tarso,056040,05792,5.81667000,-75.81667000
Antioquia,Titiribí,055440,05809,6.06083000,-75.78083000
Antioquia,Toledo,057840,05819,7.30000000,-76.15000000
Antioquia,Turbo,057810,05837,8.09667000,-76.72917000
Antioquia,Uramita,056040,05842,6.88333000,-76.20000000
Antioquia,Urrao,056040,05847,6.32500000,-76.13667000
Antioquia,Valdivia,054030,05854,7.18333000,-75.43333000
Antioquia,Valparaíso,056040,05856,5.73333000,-75.61667000
Antioquia,Vegachí,054030,05858,6.76667000,-74.86667000
Antioquia,Venecia,056040,05861,5.96583000,-75.76667000
Antioquia,Vigía del Fuerte,057840,05873,6.59917000,-76.89167000
Antioquia,Yalí,054030,05885,6.96667000,-75.00000000
Antioquia,Yarumal,054030,05887,7.00000000,-75.41667000
Antioquia,Yolombó,054030,05890,6.59083000,-75.01583000
Antioquia,Yondó,054030,05893,6.48250000,-74.53083000
Antioquia,Zaragoza,057830,05895,7.49167000,-74.86667000
Arauca,Arauca,810001,81001,7.09027800,-70.76263900
Arauca,Arauquita,811001,81065,7.02500000,-71.43333000
Arauca,Cravo Norte,812001,81220,6.30000000,-70.21667000
Arauca,Fortul,813001,81300,6.78333000,-71.60000000
Arauca,Puerto Rondón,815001,81591,6.28333000,-71.10000000
Arauca,Saravena,816001,81736,6.94917000,-71.86667000
Arauca,Tame,817001,81794,6.45750000,-71.72917000
Atlántico,Barranquilla,080001,08001,10.96368300,-74.79610800
Atlántico,Baranoa,081001,08078,10.79750000,-74.91583000
Atlántico,Campo de La Cruz,081001,08137,10.37500000,-74.88500000
Atlántico,Candelaria,081001,08141,10.48333000,-74.88333000
Atlántico,Galapa,081001,08296,10.89750000,-74.89583000
Atlántico,Juan de Acosta,082001,08372,10.83333000,-75.03333000
Atlántico,Luruaco,081001,08421,10.61667000,-75.14500000
Atlántico,Malambo,080040,08433,10.87167000,-74.78333000
Atlántico,Manatí,081001,08436,10.44167000,-74.96500000
Atlántico,Palmar de Varela,080040,08520,10.75167000,-74.75500000
Atlántico,Piojó,082001,08549,10.75000000,-75.13333000
Atlántico,Polonuevo,081001,08558,10.77500000,-74.85667000
Atlántico,Ponedera,081001,08560,10.63833000,-74.75000000
Atlántico,Puerto Colombia,080040,08573,11.00333000,-74.95833000
Atlántico,Repelón,081001,08606,10.50667000,-75.12167000
Atlántico,Sabanagrande,080040,08634,10.79583000,-74.75667000
Atlántico,Sabanalarga,081001,08638,10.63333000,-74.91667000
Atlántico,Santa Lucía,081001,08675,10.31583000,-74.97583000
Atlántico,Santo Tomás,080040,08685,10.76000000,-74.74917000
Atlántico,Soledad,080020,08758,10.91667000,-74.76417000
Atlántico,Suan,081001,08770,10.29167000,-74.83167000
Atlántico,Tubará,082001,08832,10.87917000,-75.01667000
Atlántico,Usiacurí,081001,08849,10.74917000,-74.98583000
Bogotá D.C.,Bogotá D.C.,110111,11001,4.71099000,-74.07209000
Bolívar,Cartagena,130001,13001,10.39103000,-75.47940000
Bolívar,Achí,131001,13006,8.56667000,-74.55000000
Bolívar,Altos del Rosario,132001,13030,8.79167000,-74.16667000
Bolívar,Arenal,132001,13042,8.76917000,-73.91167000
Bolívar,Arjona,130040,13052,10.25833000,-75.35000000
Bolívar,Arroyohondo,130040,13062,10.03333000,-75.10000000
Bolívar,Barranco de Loba,132001,13074,8.94333000,-74.11083000
Bolívar,Calamar,131001,13140,10.25000000,-74.91667000
Bolívar,Cantagallo,132001,13160,7.38333000,-74.00000000
Bolívar,Cicuco,131001,13188,9.25833000,-74.63333000
Bolívar,Clemencia,130040,13222,10.58083000,-75.31250000
Bolívar,El Carmen de Bolívar,131001,13244,9.71667000,-75.12500000
Bolívar,El Guamo,131001,13248,9.98333000,-74.96583000
Bolívar,El Peñón,132001,13268,9.15667000,-73.96917000
Bolívar,Hatillo de Loba,132001,13300,9.04583000,-74.09750000
Bolívar,Magangué,131001,13430,9.24167000,-74.75167000
Bolívar,Mahates,130040,13433,10.23000000,-75.18333000
Bolívar,Margarita,132001,13440,9.11750000,-74.32167000
Bolívar,María La Baja,131001,13442,9.98333000,-75.31667000
Bolívar,Montecristo,132001,13468,8.30000000,-74.45000000
Bolívar,Mompox,131001,13433,9.24333000,-74.42583000
Bolívar,Morales,132001,13473,8.27917000,-73.86583000
Bolívar,Norosí,132001,13490,8.53333000,-74.05000000
Bolívar,Pinillos,131001,13549,8.91583000,-74.47167000
Bolívar,Regidor,132001,13580,8.68333000,-73.83333000
Bolívar,Río Viejo,132001,13600,8.48333000,-73.86667000
Bolívar,San Cristóbal,131001,13620,9.86667000,-75.28333000
Bolívar,San Estanislao,130040,13647,10.39167000,-75.15000000
Bolívar,San Fernando,132001,13650,9.01250000,-74.50667000
Bolívar,San Jacinto,131001,13654,9.83333000,-75.11667000
Bolívar,San Jacinto del Cauca,132001,13655,8.24583000,-74.70583000
Bolívar,San Juan Nepomuceno,131001,13657,9.95000000,-75.08333000
Bolívar,San Martín de Loba,132001,13667,8.75833000,-74.00833000
Bolívar,San Pablo,132001,13670,7.47500000,-73.96833000
Bolívar,Santa Catalina,130040,13673,10.60833000,-75.27500000
Bolívar,Santa Rosa,130040,13683,10.39917000,-75.09250000
Bolívar,Santa Rosa del Sur,132001,13688,7.96583000,-74.05333000
Bolívar,Simití,132001,13744,7.95833000,-73.94500000
Bolívar,Soplaviento,130040,13760,10.37250000,-75.16500000
Bolívar,Talaigüa Nuevo,131001,13780,9.29583000,-74.55417000
Bolívar,Tiquisio,132001,13810,8.55000000,-74.28333000
Bolívar,Turbaco,130040,13836,10.34167000,-75.41667000
Bolívar,Turbaná,130040,13838,10.30833000,-75.41167000
Bolívar,Villanueva,131001,13873,10.02500000,-75.28333000
Bolívar,Zambrano,131001,13894,9.75000000,-74.83333000
Bolívar,Córdoba,131001,13212,8.88250000,-74.85500000
Boyacá,Tunja,150001,15001,5.53528000,-73.36759000
Boyacá,Almeida,151001,15022,5.01583000,-73.55000000
Boyacá,Aquitania,152001,15047,5.52083000,-72.88333000
Boyacá,Arcabuco,153001,15051,5.76667000,-73.45000000
Boyacá,Belén,154001,15087,6.01333000,-72.93333000
Boyacá,Berbeo,155001,15090,5.65833000,-73.05000000
Boyacá,Betéitiva,154001,15092,5.90000000,-72.95000000
Boyacá,Boavita,156001,15097,6.33333000,-72.58333000
Boyacá,Boyacá,151001,15104,5.46667000,-73.36667000
Boyacá,Briceño,154001,15106,6.00000000,-72.81667000
Boyacá,Buenavista,155001,15109,5.55000000,-72.95000000
Boyacá,Busbanzá,154001,15114,5.93333000,-72.85000000
Boyacá,Caldas,154001,15131,5.61250000,-73.13583000
Boyacá,Campohermoso,155001,15135,5.00000000,-73.05000000
Boyacá,Cerinza,154001,15162,5.83333000,-72.90000000
Boyacá,Chinavita,151001,15172,5.13333000,-73.25000000
Boyacá,Chiquinquirá,153001,15176,5.61917000,-73.82083000
Boyacá,Chiscas,156001,15180,6.55000000,-72.48333000
Boyacá,Chita,156001,15183,6.18333000,-72.46667000
Boyacá,Chitaraque,155001,15185,5.98750000,-73.50667000
Boyacá,Chivatá,150001,15187,5.53333000,-73.26667000
Boyacá,Ciénega,151001,15189,5.38333000,-73.65000000
Boyacá,Cómbita,150001,15204,5.63333000,-73.36667000
Boyacá,Coper,153001,15212,5.40833000,-74.03333000
Boyacá,Corrales,154001,15215,5.71917000,-72.81667000
Boyacá,Covarachía,156001,15218,6.30000000,-72.73333000
Boyacá,Cubará,156001,15223,7.00000000,-72.10000000
Boyacá,Cucaita,150001,15224,5.56667000,-73.48333000
Boyacá,Cuítiva,152001,15226,5.58333000,-72.86667000
Boyacá,Chíquiza,150001,15232,5.55000000,-73.45000000
Boyacá,Chivor,151001,15236,4.86667000,-73.26667000
Boyacá,Duitama,154001,15238,5.82333000,-73.02583000
Boyacá,El Cocuy,156001,15244,6.40833000,-72.45000000
Boyacá,El Espino,156001,15248,6.50000000,-72.41667000
Boyacá,Firavitoba,152001,15272,5.65417000,-72.98333000
Boyacá,Floresta,154001,15276,5.86667000,-72.95000000
Boyacá,Gachantivá,153001,15293,5.81667000,-73.51667000
Boyacá,Gámeza,152001,15296,5.78333000,-72.78333000
Boyacá,Garagoa,151001,15299,4.99583000,-73.36667000
Boyacá,Guacamayas,156001,15317,6.46667000,-72.43333000
Boyacá,Guateque,151001,15322,5.00000000,-73.46667000
Boyacá,Guayatá,151001,15325,4.99167000,-73.38333000
Boyacá,Güicán,156001,15332,6.46667000,-72.41667000
Boyacá,Iza,152001,15362,5.61667000,-72.98333000
Boyacá,Jenesano,150001,15367,5.33333000,-73.40000000
Boyacá,Jericó,156001,15368,6.15000000,-72.58333000
Boyacá,Labranzagrande,156001,15377,5.83333000,-72.56667000
Boyacá,La Capilla,151001,15380,4.95833000,-73.56667000
Boyacá,La Uvita,156001,15401,6.29167000,-72.46667000
Boyacá,La Victoria,155001,15403,5.45833000,-73.86667000
Boyacá,Macanal,151001,15407,4.89167000,-73.35000000
Boyacá,Maripí,153001,15425,5.56667000,-74.01667000
Boyacá,Miraflores,155001,15442,5.19583000,-73.14250000
Boyacá,Mongua,152001,15455,5.71667000,-72.65000000
Boyacá,Monguí,152001,15456,5.71667000,-72.85000000
Boyacá,Moniquirá,153001,15458,5.87617000,-73.57417000
Boyacá,Motavita,150001,15464,5.60000000,-73.38333000
Boyacá,Muzo,153001,15466,5.52917000,-74.10333000
Boyacá,Nobsa,154001,15469,5.78333000,-72.93333000
Boyacá,Nuevo Colón,150001,15476,5.36667000,-73.46667000
Boyacá,Oicatá,150001,15480,5.61667000,-73.30000000
Boyacá,Otanche,153001,15491,5.73333000,-74.18333000
Boyacá,Pachavita,151001,15494,5.03333000,-73.38333000
Boyacá,Páez,153001,15500,5.58333000,-74.03333000
Boyacá,Paipa,154001,15507,5.78292000,-73.11250000
Boyacá,Pajarito,155001,15511,5.41667000,-72.70000000
Boyacá,Panqueba,156001,15514,6.41667000,-72.33333000
Boyacá,Pauna,153001,15516,5.66667000,-73.96667000
Boyacá,Paya,155001,15518,5.63333000,-72.33333000
Boyacá,Paz de Río,154001,15522,5.98333000,-72.75000000
Boyacá,Pesca,152001,15531,5.55000000,-73.05000000
Boyacá,Pisba,155001,15533,5.56667000,-72.38333000
Boyacá,Puerto Boyacá,157001,15572,5.97500000,-74.59167000
Boyacá,Quípama,153001,15580,5.51667000,-74.17500000
Boyacá,Ramiriquí,150001,15599,5.40417000,-73.33417000
Boyacá,Ráquira,153001,15600,5.53417000,-73.63250000
Boyacá,Rondón,155001,15621,5.40000000,-72.98333000
Boyacá,Saboyá,153001,15632,5.70833000,-73.78333000
Boyacá,Sáchica,153001,15638,5.60000000,-73.60000000
Boyacá,Samacá,153001,15646,5.49583000,-73.48583000
Boyacá,San Eduardo,155001,15660,5.31667000,-72.98333000
Boyacá,San José de Pare,153001,15664,5.94833000,-73.72917000
Boyacá,San Luis de Gaceno,157001,15667,4.81667000,-73.31667000
Boyacá,San Mateo,156001,15673,6.41667000,-72.61667000
Boyacá,San Miguel de Sema,153001,15676,5.55000000,-73.75000000
Boyacá,San Pablo de Borbur,153001,15681,5.65833000,-74.00000000
Boyacá,Santana,155001,15690,6.03333000,-72.48333000
Boyacá,Santa María,157001,15693,4.85750000,-73.26667000
Boyacá,Santa Rosa de Viterbo,154001,15696,5.88333000,-72.98333000
Boyacá,Santa Sofía,153001,15720,5.73333000,-73.61667000
Boyacá,Sativasur,156001,15723,6.09583000,-72.68833000
Boyacá,Sativanorte,156001,15724,6.10833000,-72.68333000
Boyacá,Siachoque,150001,15740,5.51667000,-73.23333000
Boyacá,Soatá,156001,15753,6.33333000,-72.68333000
Boyacá,Socotá,155001,15755,6.05833000,-72.63333000
Boyacá,Socha,155001,15757,6.01667000,-72.68333000
Boyacá,Sogamoso,152001,15759,5.71500000,-72.93250000
Boyacá,Somondoco,151001,15761,4.98333000,-73.43333000
Boyacá,Sora,150001,15762,5.56667000,-73.45000000
Boyacá,Sotaquirá,154001,15764,5.70833000,-73.20000000
Boyacá,Soracá,150001,15763,5.51667000,-73.38333000
Boyacá,Susacón,156001,15774,6.26667000,-72.71667000
Boyacá,Sutamarchán,153001,15776,5.66917000,-73.58083000
Boyacá,Sutatenza,151001,15778,5.03333000,-73.45000000
Boyacá,Tasco,155001,15790,5.90000000,-72.78333000
Boyacá,Tenza,151001,15798,5.08333000,-73.45000000
Boyacá,Tibaná,151001,15804,5.31667000,-73.41667000
Boyacá,Tibasosa,154001,15806,5.76667000,-72.98333000
Boyacá,Tinjacá,153001,15808,5.55000000,-73.60000000
Boyacá,Tipacoque,156001,15810,6.41667000,-72.70000000
Boyacá,Toca,150001,15814,5.55000000,-73.21667000
Boyacá,Togüí,153001,15816,5.93333000,-73.56667000
Boyacá,Tópaga,152001,15820,5.73333000,-72.80000000
Boyacá,Tota,152001,15822,5.55000000,-72.91667000
Boyacá,Tununguá,153001,15832,5.75000000,-74.03333000
Boyacá,Turmequé,150001,15835,5.31667000,-73.51667000
Boyacá,Tuta,150001,15837,5.66667000,-73.21667000
Boyacá,Tutazá,154001,15839,5.90000000,-72.91667000
Boyacá,Úmbita,151001,15842,5.21667000,-73.43333000
Boyacá,Ventaquemada,150001,15861,5.40833000,-73.51417000
Boyacá,Villa de Leyva,153001,15879,5.63333000,-73.52500000
Boyacá,Viracachá,150001,15897,5.43333000,-73.26667000
Boyacá,Zetaquira,155001,15906,5.16667000,-72.85000000
Caldas,Manizales,170001,17001,5.07011000,-75.52111000
Caldas,Aguadas,171001,17013,5.61667000,-75.45000000
Caldas,Anserma,171001,17042,5.21667000,-75.78333000
Caldas,Aranzazu,171001,17050,5.30000000,-75.50000000
Caldas,Belalcázar,171001,17088,5.01667000,-75.68333000
Caldas,Chinchiná,170020,17174,4.98667000,-75.60417000
Caldas,Filadelfia,171001,17272,5.30000000,-75.61667000
Caldas,La Dorada,172001,17380,5.45000000,-74.66667000
Caldas,La Merced,171001,17388,5.35000000,-75.49167000
Caldas,Manzanares,171001,17433,5.25000000,-75.15000000
Caldas,Marmato,171001,17442,5.48917000,-75.60000000
Caldas,Marquetalia,171001,17444,5.30000000,-75.04167000
Caldas,Marulanda,171001,17446,5.30000000,-75.12417000
Caldas,Neira,170020,17486,5.17500000,-75.52083000
Caldas,Norcasia,172001,17495,5.56833000,-74.90167000
Caldas,Pácora,171001,17513,5.53333000,-75.46667000
Caldas,Palestina,170020,17524,5.06667000,-75.71667000
Caldas,Pensilvania,171001,17541,5.38333000,-75.15000000
Caldas,Riosucio,171001,17616,5.41667000,-75.70000000
Caldas,Risaralda,171001,17653,5.30000000,-75.70000000
Caldas,Salamina,171001,17662,5.40000000,-75.51667000
Caldas,Samaná,171001,17665,5.48333000,-75.00000000
Caldas,San José,171001,17777,5.70000000,-75.78333000
Caldas,Supía,171001,17867,5.45000000,-75.63333000
Caldas,Victoria,172001,17873,5.31667000,-74.90000000
Caldas,Villamaría,170020,17877,5.01667000,-75.50000000
Caldas,Viterbo,171001,17878,5.06833000,-75.88333000
Caquetá,Florencia,180001,18001,1.61417000,-75.61650000
Caquetá,Albania,181001,18029,1.35000000,-75.73333000
Caquetá,Belén de los Andaquíes,181001,18094,1.43333000,-75.88333000
Caquetá,Cartagena del Chairá,181001,18150,1.33333000,-74.85000000
Caquetá,Curillo,181001,18205,0.94917000,-76.05833000
Caquetá,El Doncello,181001,18247,1.68333000,-75.28333000
Caquetá,El Paujíl,181001,18256,1.56083000,-75.35000000
Caquetá,La Montañita,181001,18410,1.48333000,-75.45000000
Caquetá,Milán,181001,18460,1.20000000,-75.90000000
Caquetá,Morelia,181001,18479,1.48333000,-75.68333000
Caquetá,Puerto Rico,181001,18592,1.90000000,-75.16667000
Caquetá,San José del Fragua,181001,18610,1.33333000,-76.00000000
Caquetá,San Vicente del Caguán,181001,18753,2.11667000,-74.76667000
Caquetá,Solano,181001,18756,0.70000000,-75.25000000
Caquetá,Solita,181001,18785,0.96667000,-75.66667000
Caquetá,Valparaíso,181001,18860,1.20000000,-76.10000000
Casanare,Yopal,850001,85001,5.33755600,-72.39487500
Casanare,Aguazul,851001,85010,5.16917000,-72.54917000
Casanare,Chámeza,851001,85015,5.10000000,-72.65000000
Casanare,Hato Corozal,852001,85125,6.15000000,-71.76667000
Casanare,La Salina,851001,85136,6.13333000,-72.33333000
Casanare,Maní,851001,85139,4.81667000,-72.28333000
Casanare,Monterrey,851001,85162,4.88333000,-72.90000000
Casanare,Nunchía,852001,85225,5.65000000,-72.20000000
Casanare,Orocué,851001,85230,4.79167000,-71.35000000
Casanare,Paz de Ariporo,852001,85250,5.88333000,-71.89167000
Casanare,Pore,852001,85263,5.73333000,-71.98333000
Casanare,Recetor,851001,85279,5.43333000,-72.65000000
Casanare,Sabanalarga,851001,85300,4.85000000,-72.51667000
Casanare,Sácama,851001,85315,6.38333000,-72.23333000
Casanare,San Luis de Palenque,852001,85325,5.43333000,-71.73333000
Casanare,Támara,851001,85400,6.08333000,-72.16667000
Casanare,Tauramena,851001,85410,5.01667000,-72.75667000
Casanare,Trinidad,852001,85430,5.41667000,-71.65000000
Casanare,Villanueva,851001,85440,4.62500000,-72.96667000
Cauca,Popayán,190001,19001,2.44204000,-76.60700000
Cauca,Almaguer,191001,19022,1.91667000,-76.85000000
Cauca,Argelia,191001,19050,2.26667000,-76.81667000
Cauca,Balboa,191001,19075,2.00000000,-77.21667000
Cauca,Bolívar,191001,19100,1.85000000,-76.98333000
Cauca,Buenos Aires,190040,19110,3.01667000,-76.61667000
Cauca,Cajibío,190040,19130,2.61667000,-76.71667000
Cauca,Caldono,190040,19137,2.80000000,-76.50000000
Cauca,Caloto,190040,19142,3.03333000,-76.41667000
Cauca,Corinto,190040,19212,3.17500000,-76.25167000
Cauca,El Tambo,190040,19256,2.45000000,-76.81250000
Cauca,Florencia,190040,19290,2.11667000,-76.60000000
Cauca,Guachené,190040,19300,3.10000000,-76.45000000
Cauca,Guapi,192001,19318,2.56667000,-77.88333000
Cauca,Inzá,191001,19355,2.55000000,-76.06667000
Cauca,Jambaló,190040,19364,2.85000000,-76.31250000
Cauca,La Sierra,191001,19392,2.13333000,-76.71667000
Cauca,La Vega,191001,19397,1.98333000,-76.96667000
Cauca,López de Micay,192001,19418,3.21667000,-77.25000000
Cauca,Mercaderes,191001,19450,1.80000000,-77.18333000
Cauca,Miranda,190040,19455,3.25000000,-76.23333000
Cauca,Morales,190040,19473,2.75000000,-76.63333000
Cauca,Padilla,190040,19513,3.20000000,-76.33333000
Cauca,Páez,191001,19517,2.73333000,-76.01667000
Cauca,Patía,191001,19532,2.06667000,-77.04167000
Cauca,Piamonte,191001,19533,0.34167000,-76.53333000
Cauca,Piendamó,190040,19548,2.65000000,-76.50000000
Cauca,Puerto Tejada,190040,19573,3.23833000,-76.41750000
Cauca,Puracé,190040,19585,2.35000000,-76.46667000
Cauca,Rosas,191001,19622,2.26667000,-76.75000000
Cauca,San Sebastián,191001,19693,1.90000000,-76.83333000
Cauca,Santander de Quilichao,190040,19698,3.00583000,-76.48333000
Cauca,Santa Rosa,192001,19701,1.61667000,-77.08333000
Cauca,Silvia,191001,19743,2.61667000,-76.38333000
Cauca,Sotará,191001,19760,2.20000000,-76.55000000
Cauca,Suárez,190040,19780,3.25000000,-76.65000000
Cauca,Sucre,191001,19785,2.08333000,-76.86667000
Cauca,Timbío,190040,19807,2.35000000,-76.68333000
Cauca,Timbiquí,192001,19809,2.76667000,-77.68333000
Cauca,Toribío,190040,19821,2.96667000,-76.20000000
Cauca,Totoró,191001,19824,2.51667000,-76.35000000
Cauca,Villa Rica,190040,19845,3.15500000,-76.47583000
Cesar,Valledupar,200001,20001,10.47606000,-73.25308000
Cesar,Aguachica,202001,20011,8.30833000,-73.62083000
Cesar,Agustín Codazzi,201001,20013,10.03333000,-73.23333000
Cesar,Astrea,201001,20032,9.50000000,-74.03333000
Cesar,Becerril,201001,20045,9.68333000,-73.26667000
Cesar,Bosconia,201001,20060,9.97500000,-73.88333000
Cesar,Chimichagua,201001,20175,9.26583000,-73.81500000
Cesar,Chiriguaná,201001,20178,9.36250000,-73.60000000
Cesar,Curumaní,202001,20228,9.21167000,-73.55000000
Cesar,El Copey,200040,20238,10.15333000,-73.95833000
Cesar,El Paso,201001,20250,9.65833000,-73.66667000
Cesar,Gamarra,202001,20295,8.33333000,-73.76667000
Cesar,González,202001,20310,8.05000000,-73.38333000
Cesar,La Gloria,202001,20383,8.58333000,-73.60000000
Cesar,La Jagua de Ibirico,201001,20400,9.56083000,-73.33333000
Cesar,Manaure Balcón del Cesar,200001,20443,10.38750000,-73.32500000
Cesar,Pailitas,202001,20517,8.95833000,-73.61667000
Cesar,Pelaya,202001,20550,9.00500000,-73.66667000
Cesar,Pueblo Bello,200001,20570,10.41667000,-73.60000000
Cesar,Río de Oro,202001,20614,8.29417000,-73.40583000
Cesar,La Paz,200001,20621,10.40833000,-73.17500000
Cesar,San Alberto,202001,20710,7.75000000,-73.38333000
Cesar,San Diego,200040,20750,10.29583000,-73.18750000
Cesar,San Martín,202001,20770,7.85833000,-73.70417000
Cesar,Tamalameque,202001,20787,8.86667000,-73.81667000
Chocó,Quibdó,270001,27001,5.69383000,-76.65718000
Chocó,Acandí,271001,27006,8.51167000,-77.28833000
Chocó,Alto Baudó,271001,27025,6.00000000,-76.83333000
Chocó,Atrato,271001,27050,5.88333000,-76.65000000
Chocó,Bagadó,271001,27073,5.86667000,-76.58333000
Chocó,Bahía Solano,271001,27075,6.23333000,-77.40000000
Chocó,Bajo Baudó,271001,27077,5.13333000,-76.73333000
Chocó,Bojayá,271001,27099,6.73333000,-76.75000000
Chocó,El Cantón del San Pablo,271001,27135,5.38333000,-76.80000000
Chocó,Carmen del Darién,271001,27150,7.38000000,-77.16667000
Chocó,Cértegui,271001,27160,5.63333000,-76.73333000
Chocó,Condoto,271001,27205,5.10000000,-76.65000000
Chocó,El Carmen de Atrato,271001,27245,5.93333000,-76.13333000
Chocó,El Litoral del San Juan,271001,27250,4.16667000,-77.11667000
Chocó,Istmina,271001,27361,5.16833000,-76.68333000
Chocó,Juradó,271001,27372,7.10000000,-77.76667000
Chocó,Lloró,271001,27413,5.50000000,-76.55000000
Chocó,Medio Atrato,271001,27425,6.11833000,-76.73833000
Chocó,Medio Baudó,271001,27430,5.31667000,-76.78333000
Chocó,Medio San Juan,271001,27450,4.83333000,-76.78333000
Chocó,Nóvita,271001,27491,4.95000000,-76.60000000
Chocó,Nuquí,271001,27495,5.71667000,-77.26667000
Chocó,Río Iro,271001,27580,4.91667000,-76.66667000
Chocó,Río Quito,271001,27600,5.31583000,-76.98083000
Chocó,Riosucio,271001,27615,7.43333000,-77.11667000
Chocó,San José del Palmar,271001,27660,5.36667000,-76.25000000
Chocó,Sipí,271001,27745,4.65000000,-76.65000000
Chocó,Tadó,271001,27787,5.26667000,-76.56667000
Chocó,Unguía,271001,27800,8.04583000,-77.09917000
Chocó,Unión Panamericana,271001,27810,5.18333000,-76.76667000
Córdoba,Montería,230001,23001,8.75768000,-75.88143000
Córdoba,Ayapel,231001,23068,8.31528000,-75.14139000
Córdoba,Buenavista,231001,23079,8.23333000,-75.20000000
Córdoba,Canalete,231001,23090,8.78333000,-76.23333000
Córdoba,Cereté,230040,23162,8.88583000,-75.79250000
Córdoba,Chimá,231001,23168,9.15000000,-75.63333000
Córdoba,Chinú,231001,23182,9.10000000,-75.40000000
Córdoba,Ciénaga de Oro,230040,23189,8.88917000,-75.61917000
Córdoba,Cotorra,230040,23300,9.04167000,-75.79167000
Córdoba,La Apartada,231001,23350,7.88833000,-75.41667000
Córdoba,Lorica,231001,23417,9.23333000,-75.81667000
Córdoba,Los Córdobas,231001,23419,8.82500000,-76.35000000
Córdoba,Momil,231001,23464,9.23333000,-75.67000000
Córdoba,Montelíbano,232001,23466,7.98333000,-75.43333000
Córdoba,Moñitos,231001,23500,9.25000000,-76.13333000
Córdoba,Planeta Rica,231001,23555,8.41667000,-75.58333000
Córdoba,Pueblo Nuevo,231001,23570,8.48750000,-75.53083000
Córdoba,Puerto Escondido,231001,23574,8.91667000,-76.25833000
Córdoba,Puerto Libertador,232001,23580,7.90000000,-75.68333000
Córdoba,Purísima,231001,23586,9.23333000,-75.71667000
Córdoba,Sahagún,231001,23660,8.95000000,-75.45000000
Córdoba,San Andrés de Sotavento,231001,23670,9.14917000,-75.60000000
Córdoba,San Antero,231001,23672,9.38333000,-75.75667000
Córdoba,San Bernardo del Viento,231001,23675,9.36667000,-75.96667000
Córdoba,San Carlos,231001,23678,8.75333000,-75.70917000
Córdoba,San José de Uré,232001,23682,7.70000000,-75.51667000
Córdoba,San Pelayo,231001,23686,9.00000000,-75.83333000
Córdoba,Tierralta,232001,23807,8.17083000,-76.05667000
Córdoba,Tuchín,231001,23815,9.18333000,-75.55000000
Córdoba,Valencia,231001,23855,8.25417000,-76.11583000
Cundinamarca,Agua de Dios,250001,25001,4.37500000,-74.66667000
Cundinamarca,Albán,251001,25019,4.88333000,-74.43333000
Cundinamarca,Anapoima,250020,25035,4.55000000,-74.53333000
Cundinamarca,Anolaima,250020,25040,4.75000000,-74.47500000
Cundinamarca,Arbeláez,250020,25053,4.27500000,-74.41667000
Cundinamarca,Beltrán,250060,25086,4.61667000,-74.95000000
Cundinamarca,Bituima,251001,25095,4.86667000,-74.55000000
Cundinamarca,Bojacá,250040,25099,4.73333000,-74.35000000
Cundinamarca,Cabrera,250020,25120,3.98333000,-74.48333000
Cundinamarca,Cachipay,250020,25123,4.73333000,-74.43333000
Cundinamarca,Cajicá,250070,25126,4.91750000,-74.02583000
Cundinamarca,Caparrapí,251001,25148,5.35000000,-74.50000000
Cundinamarca,Cáqueza,251001,25151,4.41750000,-73.94167000
Cundinamarca,Carmen de Carupa,251001,25154,5.35000000,-73.88333000
Cundinamarca,Chaguaní,251001,25168,4.91667000,-74.60000000
Cundinamarca,Chía,250070,25175,4.86417000,-73.93083000
Cundinamarca,Chipaque,250050,25178,4.44167000,-74.05000000
Cundinamarca,Choachí,250050,25181,4.53333000,-73.91667000
Cundinamarca,Chocontá,251001,25183,5.14083000,-73.68500000
Cundinamarca,Cogua,250070,25200,5.07500000,-73.98333000
Cundinamarca,Cota,250070,25214,4.81583000,-74.10000000
Cundinamarca,Cucunubá,251001,25224,5.25833000,-73.78333000
Cundinamarca,El Colegio,250020,25245,4.57583000,-74.44417000
Cundinamarca,El Peñón,251001,25258,4.55833000,-74.63333000
Cundinamarca,El Rosal,250040,25260,4.85417000,-74.26583000
Cundinamarca,Facatativá,250040,25269,4.81417000,-74.35500000
Cundinamarca,Fómeque,251001,25279,4.48333000,-73.90000000
Cundinamarca,Fosca,251001,25281,4.35000000,-73.98333000
Cundinamarca,Funza,250040,25286,4.71667000,-74.21167000
Cundinamarca,Fúquene,251001,25288,5.45833000,-73.78333000
Cundinamarca,Fusagasugá,250020,25290,4.33750000,-74.36333000
Cundinamarca,Gachalá,251001,25293,4.38333000,-73.56667000
Cundinamarca,Gachancipá,250070,25295,4.98333000,-73.88333000
Cundinamarca,Gachetá,251001,25297,4.82500000,-73.63333000
Cundinamarca,Gama,251001,25299,4.85000000,-73.60000000
Cundinamarca,Girardot,250030,25307,4.30333000,-74.80250000
Cundinamarca,Granada,250020,25312,4.51667000,-74.35000000
Cundinamarca,Guachetá,251001,25317,5.35000000,-73.71667000
Cundinamarca,Guaduas,251001,25320,5.06917000,-74.59500000
Cundinamarca,Guasca,250050,25322,4.86583000,-73.87167000
Cundinamarca,Guataquí,250060,25324,4.31667000,-74.80000000
Cundinamarca,Guatavita,250050,25326,4.93333000,-73.83333000
Cundinamarca,Guayabal de Síquima,251001,25328,4.86583000,-74.47917000
Cundinamarca,Guayabetal,250050,25335,4.20000000,-73.83333000
Cundinamarca,Gutiérrez,250050,25339,4.23333000,-74.00000000
Cundinamarca,Jerusalén,250060,25368,4.55833000,-74.70000000
Cundinamarca,Junín,251001,25372,4.76917000,-73.62083000
Cundinamarca,La Calera,250050,25377,4.72083000,-73.96750000
Cundinamarca,La Mesa,250020,25386,4.63333000,-74.46667000
Cundinamarca,La Palma,251001,25394,5.37500000,-74.38333000
Cundinamarca,La Peña,251001,25398,4.90000000,-74.65000000
Cundinamarca,La Vega,250020,25402,4.98333000,-74.34167000
Cundinamarca,Lenguazaque,251001,25407,5.30000000,-73.71667000
Cundinamarca,Macheta,251001,25430,5.08333000,-73.71667000
Cundinamarca,Madrid,250040,25430,4.73417000,-74.26500000
Cundinamarca,Manta,251001,25438,4.77500000,-73.53333000
Cundinamarca,Medina,251001,25438,4.50000000,-73.35000000
Cundinamarca,Mosquera,250040,25473,4.70750000,-74.23417000
Cundinamarca,Nariño,250060,25483,4.37500000,-74.76667000
Cundinamarca,Nemocón,250070,25486,5.03333000,-73.88333000
Cundinamarca,Nilo,250030,25488,4.28333000,-74.63333000
Cundinamarca,Nimaima,251001,25489,4.91667000,-74.38333000
Cundinamarca,Nocaima,251001,25491,4.95000000,-74.38333000
Cundinamarca,Venecia,250020,25506,4.08333000,-74.48333000
Cundinamarca,Pacho,251001,25513,5.13333000,-74.16667000
Cundinamarca,Paime,251001,25518,5.31667000,-74.13333000
Cundinamarca,Pandi,250020,25524,4.18333000,-74.48333000
Cundinamarca,Paratebueno,251001,25530,4.38333000,-73.21667000
Cundinamarca,Pasca,250020,25535,4.30833000,-74.30000000
Cundinamarca,Puerto Salgar,251001,25572,5.46667000,-74.65000000
Cundinamarca,Pulí,251001,25580,4.73333000,-74.63333000
Cundinamarca,Quebradanegra,251001,25592,4.96667000,-74.40000000
Cundinamarca,Quetame,250050,25594,4.35000000,-73.86667000
Cundinamarca,Quipile,251001,25596,4.73583000,-74.52750000
Cundinamarca,Apulo,250020,25599,4.49183000,-74.64250000
Cundinamarca,Ricaurte,250020,25612,4.28333000,-74.75000000
Cundinamarca,San Antonio del Tequendama,250020,25645,4.61833000,-74.35500000
Cundinamarca,San Bernardo,250020,25649,4.18333000,-74.42583000
Cundinamarca,San Cayetano,251001,25653,5.31667000,-74.03333000
Cundinamarca,San Francisco,250020,25658,4.96417000,-74.29167000
Cundinamarca,San Juan de Río Seco,251001,25662,4.85000000,-74.63333000
Cundinamarca,Sasaima,251001,25718,4.96417000,-74.43750000
Cundinamarca,Sesquilé,250070,25736,4.93333000,-73.80000000
Cundinamarca,Sibaté,250050,25740,4.49500000,-74.25917000
Cundinamarca,Silvania,250020,25743,4.41250000,-74.38917000
Cundinamarca,Simijaca,251001,25745,5.50000000,-73.85000000
Cundinamarca,Soacha,250040,25754,4.57333000,-74.21917000
Cundinamarca,Sopó,250070,25758,4.91467000,-73.93583000
Cundinamarca,Subachoque,250040,25769,4.93333000,-74.18333000
Cundinamarca,Suesca,250070,25772,5.10000000,-73.80000000
Cundinamarca,Supatá,251001,25777,5.08333000,-74.28333000
Cundinamarca,Susa,251001,25779,5.45000000,-73.83333000
Cundinamarca,Sutatausa,251001,25781,5.26667000,-73.85000000
Cundinamarca,Tabio,250070,25785,4.91667000,-74.10000000
Cundinamarca,Tausa,251001,25793,5.21667000,-73.90000000
Cundinamarca,Tena,250020,25797,4.65000000,-74.38333000
Cundinamarca,Tenjo,250040,25799,4.87083000,-74.14417000
Cundinamarca,Tibacuy,250020,25805,4.34583000,-74.44917000
Cundinamarca,Tibirita,251001,25807,5.06667000,-73.61667000
Cundinamarca,Tocaima,250030,25815,4.46917000,-74.65000000
Cundinamarca,Tocancipá,250070,25817,4.96417000,-73.90500000
Cundinamarca,Topaipí,251001,25823,5.51667000,-74.33333000
Cundinamarca,Ubalá,251001,25839,4.73333000,-73.56667000
Cundinamarca,Ubaque,250050,25841,4.48333000,-73.96667000
Cundinamarca,Villa de San Diego de Ubaté,251001,25843,5.31167000,-73.81750000
Cundinamarca,Une,250050,25845,4.40000000,-74.00000000
Cundinamarca,Útica,251001,25851,5.18333000,-74.48333000
Cundinamarca,Vergara,251001,25862,4.93333000,-74.33333000
Cundinamarca,Vianí,251001,25867,4.88333000,-74.53333000
Cundinamarca,Villagómez,251001,25871,5.20000000,-74.10000000
Cundinamarca,Villapinzón,251001,25873,5.20000000,-73.61667000
Cundinamarca,Villeta,251001,25875,5.01167000,-74.47167000
Cundinamarca,Viotá,250020,25878,4.43333000,-74.52500000
Cundinamarca,Yacopí,251001,25885,5.45000000,-74.33333000
Cundinamarca,Zipacón,250040,25898,4.75000000,-74.38333000
Cundinamarca,Zipaquirá,250070,25899,5.02333000,-74.00583000
Guainía,Inírida,940001,94001,3.86500000,-67.92361000
Guainía,Barranco Minas,941001,94343,3.86667000,-67.98333000
Guainía,Mapiripana,941001,94663,2.88333000,-68.78333000
Guainía,San Felipe,941001,94883,1.91667000,-67.06667000
Guainía,Puerto Colombia,941001,94884,2.03333000,-67.48333000
Guainía,La Guadalupe,941001,94885,1.61667000,-68.01667000
Guainía,Cacahual,941001,94886,2.21667000,-68.05000000
Guainía,Pana Pana,941001,94887,2.95417000,-68.13333000
Guaviare,San José del Guaviare,950001,95001,2.57139000,-72.64111000
Guaviare,Calamar,951001,95015,1.96667000,-72.63333000
Guaviare,El Retorno,951001,95025,2.33333000,-72.63333000
Guaviare,Miraflores,951001,95200,1.35000000,-71.93333000
Huila,Neiva,410001,41001,2.92971000,-75.28190000
Huila,Acevedo,411001,41006,1.81667000,-75.88333000
Huila,Agrado,411001,41013,2.05000000,-75.75000000
Huila,Aipe,410040,41016,3.21417000,-75.23833000
Huila,Algeciras,410040,41020,2.52500000,-75.31667000
Huila,Altamira,411001,41026,2.08333000,-75.78333000
Huila,Baraya,410040,41078,3.15833000,-75.08333000
Huila,Campoalegre,410040,41132,2.68583000,-75.33417000
Huila,Colombia,411001,41206,1.91667000,-75.76667000
Huila,Elías,411001,41244,2.01667000,-75.88333000
Huila,Garzón,411001,41298,2.19583000,-75.62917000
Huila,Gigante,411001,41306,2.38333000,-75.54583000
Huila,Guadalupe,411001,41319,2.01667000,-75.71667000
Huila,Hobo,410040,41349,2.57083000,-75.44583000
Huila,Iquira,411001,41357,2.65833000,-75.63333000
Huila,Isnos,411001,41359,1.93333000,-76.23333000
Huila,La Argentina,411001,41378,2.21667000,-75.96667000
Huila,La Plata,411001,41396,2.38333000,-75.88333000
Huila,Nátaga,411001,41483,2.50833000,-75.73333000
Huila,Oporapa,411001,41503,1.96917000,-76.01250000
Huila,Paicol,411001,41518,2.36667000,-75.65000000
Huila,Palermo,410040,41524,2.90417000,-75.41667000
Huila,Palestina,411001,41530,1.75000000,-75.73333000
Huila,Pital,411001,41548,2.03900000,-75.82500000
Huila,Pitalito,411001,41551,1.84917000,-76.04917000
Huila,Rivera,410040,41615,2.78333000,-75.25833000
Huila,Saladoblanco,411001,41660,1.90000000,-76.11667000
Huila,San Agustín,411001,41668,1.88750000,-76.27500000
Huila,Santa María,411001,41676,2.96917000,-75.93333000
Huila,Suaza,411001,41770,1.98333000,-75.81667000
Huila,Tarqui,411001,41791,2.08333000,-75.83333000
Huila,Tesalia,410040,41797,2.48583000,-75.73333000
Huila,Tello,410040,41799,3.06667000,-75.13333000
Huila,Teruel,410040,41801,2.73333000,-75.58333000
Huila,Timaná,411001,41807,1.97500000,-75.93333000
Huila,Villavieja,410040,41872,3.22500000,-75.21667000
Huila,Yaguará,410040,41885,2.68583000,-75.50000000
La Guajira,Riohacha,440001,44001,11.54444000,-72.90722000
La Guajira,Albania,441001,44035,11.13333000,-72.51667000
La Guajira,Barrancas,441001,44078,10.96667000,-72.78333000
La Guajira,Dibulla,441001,44090,11.26667000,-73.31667000
La Guajira,Distracción,441001,44098,10.91667000,-72.98333000
La Guajira,El Molino,441001,44110,10.71667000,-73.00000000
La Guajira,Fonseca,441001,44279,10.88333000,-72.85000000
La Guajira,Hatonuevo,441001,44378,11.06667000,-72.76667000
La Guajira,La Jagua del Pilar,441001,44420,10.53333000,-73.01667000
La Guajira,Maicao,441001,44430,11.38333000,-72.24167000
La Guajira,Manaure,441001,44560,11.78333000,-72.45000000
La Guajira,San Juan del Cesar,441001,44650,10.76667000,-73.00000000
La Guajira,Uribia,441001,44847,11.71333000,-72.27167000
La Guajira,Urumita,441001,44855,10.56667000,-73.01667000
La Guajira,Villanueva,441001,44874,10.61583000,-72.97417000
Magdalena,Santa Marta,470001,47001,11.24000000,-74.19917000
Magdalena,Algarrobo,471001,47030,10.15000000,-74.03333000
Magdalena,Aracataca,471001,47053,10.58333000,-74.18333000
Magdalena,Ariguaní,471001,47058,10.00000000,-74.05000000
Magdalena,Cerro de San Antonio,472001,47161,9.70917000,-74.82167000
Magdalena,Chivolo,472001,47170,9.95000000,-74.63333000
Magdalena,Ciénaga,470020,47189,11.00583000,-74.25267000
Magdalena,Concordia,472001,47205,9.51667000,-74.73333000
Magdalena,El Banco,472001,47245,9.00000000,-73.98333000
Magdalena,El Piñón,472001,47258,9.86583000,-74.85417000
Magdalena,El Retén,471001,47268,10.61667000,-74.27500000
Magdalena,Fundación,471001,47288,10.51917000,-74.18917000
Magdalena,Guamal,472001,47318,9.15000000,-74.23333000
Magdalena,Nueva Granada,472001,47460,9.80000000,-74.38333000
Magdalena,Pedraza,472001,47541,9.96667000,-74.90000000
Magdalena,Pijiño del Carmen,472001,47545,9.33333000,-74.48250000
Magdalena,Pivijay,471001,47551,10.46167000,-74.60500000
Magdalena,Plato,472001,47555,9.78667000,-74.78167000
Magdalena,Puebloviejo,470020,47570,10.98333000,-74.28333000
Magdalena,Remolino,472001,47605,10.68333000,-74.63333000
Magdalena,Sabanas de San Ángel,471001,47660,10.30000000,-74.33333000
Magdalena,Salamina,472001,47675,10.48333000,-74.80000000
Magdalena,San Sebastián de Buenavista,472001,47692,9.16667000,-74.43333000
Magdalena,San Zenón,472001,47703,9.25000000,-74.50000000
Magdalena,Santa Ana,472001,47707,9.31667000,-74.57417000
Magdalena,Santa Bárbara de Pinto,472001,47720,9.48333000,-74.61250000
Magdalena,Sitionuevo,472001,47745,10.78333000,-74.73333000
Magdalena,Tenerife,472001,47798,9.86583000,-74.85417000
Magdalena,Zapayán,472001,47960,10.03333000,-74.86667000
Magdalena,Zona Bananera,471001,47980,10.76667000,-74.18333000
Meta,Villavicencio,500001,50001,4.14224000,-73.62660000
Meta,Acacías,501001,50006,3.98750000,-73.76667000
Meta,Barranca de Upía,501001,50110,4.57500000,-72.97500000
Meta,Cabuyaro,501001,50124,4.30000000,-72.78333000
Meta,Castilla la Nueva,501001,50150,3.85000000,-73.66667000
Meta,Cubarral,501001,50223,3.83333000,-74.08333000
Meta,Cumaral,501001,50226,4.28333000,-73.48333000
Meta,El Calvario,500040,50245,4.35500000,-73.70000000
Meta,El Castillo,501001,50251,3.50000000,-73.78333000
Meta,El Dorado,501001,50270,3.66667000,-73.73333000
Meta,Fuente de Oro,501001,50287,3.48333000,-73.61667000
Meta,Granada,501001,50313,3.54167000,-73.71667000
Meta,Guamal,501001,50318,3.88333000,-73.76667000
Meta,Mapiripán,502001,50325,2.89367000,-72.13572000
Meta,Mesetas,501001,50330,3.37583000,-74.03083000
Meta,La Macarena,502001,50350,2.18333000,-73.78333000
Meta,Lejanías,501001,50370,3.53333000,-74.01667000
Meta,Puerto Concordia,502001,50400,2.63333000,-72.75000000
Meta,Puerto Gaitán,502001,50450,4.31583000,-72.08250000
Meta,Puerto Lleras,502001,50568,3.26667000,-73.38333000
Meta,Puerto López,501001,50573,4.08333000,-72.95000000
Meta,Puerto Rico,502001,50577,3.18417000,-73.41833000
Meta,Restrepo,501001,50590,4.25250000,-73.57167000
Meta,San Carlos de Guaroa,501001,50606,3.71667000,-73.00000000
Meta,San Juan de Arama,501001,50680,3.38333000,-73.88333000
Meta,San Juanito,500040,50683,4.44167000,-73.68333000
Meta,San Martín,501001,50686,3.69917000,-73.70083000
Meta,Uribe,502001,50689,2.91133000,-74.35372000
Meta,Vistahermosa,502001,50711,2.99583000,-73.74583000
Nariño,Pasto,520001,52001,1.21361000,-77.28111000
Nariño,Albán,521001,52019,1.56667000,-77.51667000
Nariño,Aldana,521001,52022,0.81667000,-77.48333000
Nariño,Ancuyá,521001,52036,1.61667000,-77.41667000
Nariño,Arboleda,521001,52051,1.75000000,-77.08333000
Nariño,Barbacoas,522001,52079,1.67500000,-78.13667000
Nariño,Belén,521001,52083,1.60000000,-77.41667000
Nariño,Buesaco,521001,52110,1.38333000,-77.15000000
Nariño,Colón,521001,52203,1.18333000,-77.05000000
Nariño,Consacá,521001,52207,1.20000000,-77.45000000
Nariño,Contadero,521001,52210,0.95000000,-77.61667000
Nariño,Córdoba,521001,52215,1.61667000,-77.48333000
Nariño,Cuaspud,521001,52224,0.86583000,-77.53333000
Nariño,Cumbal,521001,52227,0.91000000,-77.81167000
Nariño,Cumbitara,521001,52233,1.68333000,-77.81667000
Nariño,El Charco,522001,52240,2.48333000,-78.11667000
Nariño,El Peñol,521001,52250,1.46667000,-77.48333000
Nariño,El Rosario,521001,52254,1.56833000,-77.79250000
Nariño,El Tablón de Gómez,521001,52256,1.40000000,-77.11667000
Nariño,El Tambo,521001,52258,1.40000000,-77.40000000
Nariño,Francisco Pizarro,522001,52520,1.18333000,-78.73333000
Nariño,Funes,521001,52320,0.93333000,-77.45000000
Nariño,Guachucal,521001,52323,0.98333000,-77.75833000
Nariño,Guaitarilla,521001,52325,1.12417000,-77.55000000
Nariño,Gualmatán,521001,52327,0.91667000,-77.61667000
Nariño,Iles,521001,52354,0.98333000,-77.61667000
Nariño,Imués,521001,52356,1.06667000,-77.50000000
Nariño,Ipiales,521001,52378,0.82917000,-77.64083000
Nariño,La Cruz,521001,52381,1.58333000,-76.96667000
Nariño,La Florida,521001,52385,1.30000000,-77.41667000
Nariño,La Llanada,521001,52390,1.53333000,-77.51667000
Nariño,La Tola,522001,52399,2.88333000,-78.23333000
Nariño,La Unión,521001,52405,1.61917000,-77.13250000
Nariño,Leiva,521001,52411,1.61667000,-77.88333000
Nariño,Linares,521001,52418,1.38333000,-77.50000000
Nariño,Los Andes,521001,52427,1.48333000,-77.41667000
Nariño,Magüí,522001,52435,1.83667000,-78.00000000
Nariño,Mallama,521001,52436,0.96667000,-78.00000000
Nariño,Mosquera,522001,52473,2.50000000,-78.41667000
Nariño,Nariño,521001,52480,1.30000000,-77.45000000
Nariño,Olaya Herrera,522001,52490,3.03333000,-77.93333000
Nariño,Ospina,521001,52506,0.83333000,-77.61667000
Nariño,Policarpa,521001,52540,1.73333000,-77.88333000
Nariño,Potosí,521001,52560,0.84583000,-77.54167000
Nariño,Providencia,521001,52565,0.65000000,-77.51667000
Nariño,Puerres,521001,52573,0.83333000,-77.48333000
Nariño,Pupiales,521001,52585,0.85000000,-77.63333000
Nariño,Ricaurte,521001,52612,1.20000000,-78.00000000
Nariño,Roberto Payán,522001,52621,1.96667000,-78.01667000
Nariño,Samaniego,521001,52678,1.33333000,-77.60000000
Nariño,Sandoná,521001,52683,1.28333000,-77.46667000
Nariño,San Bernardo,521001,52685,1.51583000,-77.01667000
Nariño,San Lorenzo,521001,52687,1.58333000,-77.21583000
Nariño,San Pablo,521001,52693,1.48333000,-77.40000000
Nariño,San Pedro de Cartago,521001,52694,1.43333000,-77.03333000
Nariño,Santa Bárbara,521001,52696,1.85000000,-77.51667000
Nariño,Santacruz,521001,52699,0.96667000,-77.78333000
Nariño,Sapuyes,521001,52720,0.81667000,-77.68333000
Nariño,Taminango,521001,52786,1.57083000,-77.31583000
Nariño,Tangua,521001,52788,1.10000000,-77.38333000
Nariño,San Andrés de Tumaco,522001,52835,1.80527800,-78.76166700
Nariño,Túquerres,521001,52838,1.08333000,-77.61667000
Nariño,Yacuanquer,521001,52885,1.18333000,-77.40000000
Norte de Santander,Cúcuta,540001,54001,7.89392000,-72.50782000
Norte de Santander,Ábrego,541001,54003,8.08333000,-73.23333000
Norte de Santander,Arboledas,541001,54051,7.41667000,-72.93333000
Norte de Santander,Bochalema,540040,54099,7.58333000,-72.68333000
Norte de Santander,Bucarasica,541001,54109,8.00833000,-73.03333000
Norte de Santander,Cácota,541001,54125,7.28333000,-72.71667000
Norte de Santander,Cáchira,541001,54128,7.73333000,-73.03333000
Norte de Santander,Chinácota,540040,54172,7.61583000,-72.60583000
Norte de Santander,Chitagá,541001,54174,7.08333000,-72.63333000
Norte de Santander,Convención,541001,54206,8.46667000,-73.35000000
Norte de Santander,Cucutilla,541001,54223,7.58333000,-72.90000000
Norte de Santander,Durania,540040,54239,7.51667000,-72.68333000
Norte de Santander,El Carmen,541001,54245,8.23333000,-73.48333000
Norte de Santander,El Tarra,541001,54250,8.56667000,-73.08333000
Norte de Santander,El Zulia,540040,54261,7.93333000,-72.60000000
Norte de Santander,Gramalote,541001,54313,7.88333000,-72.81667000
Norte de Santander,Hacarí,541001,54344,8.35833000,-73.18333000
Norte de Santander,Herrán,540040,54347,7.43750000,-72.45833000
Norte de Santander,Labateca,541001,54377,7.26583000,-72.53333000
Norte de Santander,La Esperanza,541001,54385,8.13333000,-73.00000000
Norte de Santander,La Playa de Belén,541001,54398,8.08333000,-73.15000000
Norte de Santander,Los Patios,540040,54405,7.83833000,-72.49917000
Norte de Santander,Lourdes,541001,54418,8.03333000,-72.93333000
Norte de Santander,Mutiscua,541001,54480,7.23333000,-72.78333000
Norte de Santander,Ocaña,541001,54498,8.23500000,-73.35417000
Norte de Santander,Pamplona,540040,54518,7.37583000,-72.64750000
Norte de Santander,Pamplonita,540040,54520,7.51667000,-72.60000000
Norte de Santander,Puerto Santander,540040,54553,7.86667000,-72.41083000
Norte de Santander,Ragonvalia,541001,54599,7.53333000,-72.50000000
Norte de Santander,Salazar,541001,54660,7.76667000,-72.78333000
Norte de Santander,San Calixto,541001,54673,8.35833000,-73.10000000
Norte de Santander,San Cayetano,541001,54676,7.73333000,-72.68333000
Norte de Santander,Santiago,541001,54680,7.53333000,-72.80000000
Norte de Santander,Sardinata,541001,54720,8.08333000,-72.78333000
Norte de Santander,Silos,541001,54743,7.10000000,-72.71667000
Norte de Santander,Teorama,541001,54800,8.42250000,-73.21500000
Norte de Santander,Tibú,541001,54810,8.65000000,-72.73333000
Norte de Santander,Toledo,541001,54820,7.31667000,-72.53333000
Norte de Santander,Villa Caro,541001,54871,8.11583000,-73.21333000
Norte de Santander,Villa del Rosario,540040,54874,7.83583000,-72.47750000
Putumayo,Mocoa,860001,86001,1.15194000,-76.64811000
Putumayo,Colón,861001,86219,1.03333000,-76.96667000
Putumayo,Orito,861001,86320,0.66667000,-76.88333000
Putumayo,Puerto Asís,861001,86568,0.51667000,-76.50000000
Putumayo,Puerto Caicedo,861001,86569,0.68333000,-76.58333000
Putumayo,Puerto Guzmán,861001,86571,0.95000000,-76.40000000
Putumayo,Leguízamo,861001,86573,0.20000000,-74.76667000
Putumayo,Sibundoy,861001,86749,1.18333000,-76.91667000
Putumayo,San Francisco,861001,86755,1.11667000,-76.86667000
Putumayo,San Miguel,861001,86757,0.33333000,-76.90000000
Putumayo,Santiago,861001,86760,1.15000000,-76.98333000
Putumayo,Valle del Guamuez,861001,86865,0.43333000,-76.81667000
Putumayo,Villagarzón,861001,86885,1.03333000,-76.62500000
Quindío,Armenia,630001,63001,4.53382000,-75.68055000
Quindío,Buenavista,631001,63111,4.33333000,-75.71667000
Quindío,Calarcá,630020,63130,4.53333000,-75.66667000
Quindío,Circasia,631001,63190,4.61667000,-75.63333000
Quindío,Córdoba,631001,63212,4.35833000,-75.65000000
Quindío,Filandia,631001,63272,4.68333000,-75.65000000
Quindío,Génova,631001,63302,4.22917000,-75.75833000
Quindío,La Tebaida,630020,63401,4.45000000,-75.78333000
Quindío,Montenegro,630020,63470,4.56667000,-75.75000000
Quindío,Pijao,631001,63548,4.31583000,-75.69583000
Quindío,Quimbaya,630020,63594,4.62083000,-75.76250000
Quindío,Salento,631001,63690,4.63917000,-75.57583000
Risaralda,Pereira,660001,66001,4.81373000,-75.69601000
Risaralda,Apía,661001,66045,5.11083000,-75.96667000
Risaralda,Balboa,661001,66075,4.93333000,-75.96667000
Risaralda,Belén de Umbría,661001,66088,5.20000000,-75.87500000
Risaralda,Dosquebradas,660020,66170,4.83417000,-75.66667000
Risaralda,Guática,661001,66318,5.33333000,-75.81667000
Risaralda,La Celia,661001,66383,5.01667000,-76.00833000
Risaralda,La Virginia,660020,66400,4.89833000,-75.87833000
Risaralda,Marsella,661001,66440,4.93667000,-75.74917000
Risaralda,Mistrató,661001,66456,5.26083000,-75.99500000
Risaralda,Pueblo Rico,661001,66572,5.23333000,-76.03333000
Risaralda,Quinchía,661001,66594,5.33333000,-75.73333000
Risaralda,Santa Rosa de Cabal,660020,66682,4.86917000,-75.62167000
Risaralda,Santuario,661001,66687,5.06250000,-75.96583000
San Andrés y Providencia,San Andrés,880001,88001,12.53444000,-81.72028000
San Andrés y Providencia,Providencia,881001,88564,13.35000000,-81.36667000
Santander,Bucaramanga,680001,68001,7.12991000,-73.12574000
Santander,Aguada,681001,68013,6.10083000,-73.65583000
Santander,Albania,681001,68020,6.13333000,-73.40000000
Santander,Aratoca,681001,68051,6.70000000,-72.88333000
Santander,Barbosa,681001,68077,5.93750000,-73.61667000
Santander,Barichara,681001,68079,6.63333000,-73.21667000
Santander,Barrancabermeja,682001,68081,7.06500000,-73.85611000
Santander,Betulia,681001,68092,6.93333000,-73.16667000
Santander,Bolívar,681001,68101,5.85833000,-73.76667000
Santander,Cabrera,681001,68121,5.66667000,-73.55000000
Santander,California,681001,68132,7.33333000,-72.98333000
Santander,Capitanejo,681001,68147,6.55000000,-72.71583000
Santander,Carcasí,681001,68152,6.63333000,-72.68333000
Santander,Cepitá,681001,68160,6.58333000,-72.95000000
Santander,Cerrito,681001,68162,6.88333000,-73.00000000
Santander,Charalá,681001,68167,6.28333000,-73.16667000
Santander,Charta,681001,68169,7.26667000,-72.98333000
Santander,Chimá,681001,68176,6.13333000,-73.65000000
Santander,Chipatá,681001,68179,6.12500000,-73.48333000
Santander,Cimitarra,682001,68190,6.31667000,-74.08333000
Santander,Concepción,681001,68207,6.88333000,-72.91667000
Santander,Confines,681001,68209,6.48333000,-73.40000000
Santander,Contratación,681001,68211,6.31667000,-73.45000000
Santander,Coromoro,681001,68217,6.31667000,-73.23333000
Santander,Curití,681001,68229,6.63333000,-73.06083000
Santander,El Carmen de Chucurí,682001,68235,6.68333000,-73.53333000
Santander,El Guacamayo,681001,68245,6.95833000,-73.35833000
Santander,El Peñón,681001,68250,6.51667000,-73.85000000
Santander,El Playón,682001,68255,7.23833000,-73.17833000
Santander,Encino,681001,68264,6.21667000,-73.08333000
Santander,Enciso,681001,68266,6.63333000,-72.88333000
Santander,Florián,681001,68271,6.13333000,-73.88333000
Santander,Floridablanca,680020,68276,7.06583000,-73.09333000
Santander,Galán,681001,68296,6.60000000,-73.48333000
Santander,Gámbita,681001,68298,6.35000000,-73.25000000
Santander,Girón,680030,68307,7.07083000,-73.16750000
Santander,Guaca,681001,68318,7.23333000,-72.88333000
Santander,Guadalupe,681001,68320,6.33333000,-73.38333000
Santander,Guapotá,681001,68322,6.38333000,-73.43333000
Santander,Guavatá,681001,68324,5.98333000,-73.68333000
Santander,Güepsa,681001,68327,6.01917000,-73.60083000
Santander,Hato,681001,68344,6.23333000,-72.95000000
Santander,Jesús María,681001,68368,6.48333000,-73.86667000
Santander,Jordán,681001,68370,6.80000000,-72.90000000
Santander,La Belleza,681001,68377,5.86250000,-73.96167000
Santander,Landázuri,681001,68385,6.23333000,-73.81667000
Santander,La Paz,681001,68397,5.72500000,-73.55000000
Santander,Lebrija,682001,68406,7.13333000,-73.21667000
Santander,Los Santos,681001,68418,6.78333000,-73.10000000
Santander,Macaravita,681001,68425,6.55000000,-72.65000000
Santander,Málaga,681001,68432,6.71250000,-72.73667000
Santander,Matanza,681001,68444,7.38333000,-73.08333000
Santander,Mogotes,681001,68464,6.48333000,-72.96667000
Santander,Molagavita,681001,68468,6.65000000,-72.70000000
Santander,Ocamonte,681001,68498,6.15833000,-73.18333000
Santander,Oiba,681001,68500,6.27917000,-73.29250000
Santander,Onzaga,681001,68502,6.33333000,-72.93333000
Santander,Palmar,681001,68522,6.58333000,-73.68333000
Santander,Palmas del Socorro,681001,68524,6.36667000,-73.28333000
Santander,Páramo,681001,68533,6.41667000,-73.21667000
Santander,Piedecuesta,680020,68547,6.98833000,-73.04917000
Santander,Pinchote,681001,68549,6.58333000,-73.18333000
Santander,Puente Nacional,681001,68572,5.87917000,-73.68333000
Santander,Puerto Parra,682001,68573,6.25000000,-74.10000000
Santander,Puerto Wilches,682001,68575,7.35000000,-73.90000000
Santander,Rionegro,682001,68615,7.36083000,-73.19667000
Santander,Sabana de Torres,682001,68655,7.38333000,-73.50000000
Santander,San Andrés,681001,68669,6.83333000,-72.88333000
Santander,San Benito,681001,68673,6.20000000,-73.58333000
Santander,San Gil,681001,68679,6.55583000,-73.13583000
Santander,San Joaquín,681001,68682,6.48333000,-72.83333000
Santander,San José de Miranda,681001,68684,6.86667000,-73.00000000
Santander,San Miguel,681001,68686,6.15833000,-73.13333000
Santander,San Vicente de Chucurí,682001,68689,6.89333000,-73.38417000
Santander,Santa Bárbara,681001,68705,5.85833000,-73.61667000
Santander,Santa Helena del Opón,682001,68720,6.50000000,-73.75000000
Santander,Simacota,681001,68745,6.30000000,-73.48333000
Santander,Socorro,681001,68755,6.46333000,-73.26333000
Santander,Suaita,681001,68770,6.13333000,-73.46083000
Santander,Sucre,681001,68773,5.91667000,-73.56833000
Santander,Suratá,681001,68780,7.43750000,-73.02500000
Santander,Tona,681001,68820,7.20000000,-72.98333000
Santander,Valle de San José,681001,68855,6.40000000,-73.13333000
Santander,Vélez,681001,68861,6.01583000,-73.67750000
Santander,Vetas,681001,68867,7.38333000,-72.91667000
Santander,Villanueva,681001,68872,7.21667000,-73.03333000
Santander,Zapatoca,681001,68895,6.81250000,-73.26500000
Sucre,Sincelejo,700001,70001,9.30417000,-75.39751000
Sucre,Buenavista,701001,70110,8.98333000,-75.20000000
Sucre,Caimito,701001,70124,8.90000000,-75.53333000
Sucre,Coloso,701001,70204,9.48167000,-75.35333000
Sucre,Corozal,701001,70215,9.32083000,-75.29500000
Sucre,Coveñas,701001,70221,9.39917000,-75.68167000
Sucre,Chalán,701001,70230,9.46583000,-75.32417000
Sucre,El Roble,701001,70235,9.16667000,-75.41667000
Sucre,Galeras,701001,70265,9.10000000,-74.86667000
Sucre,Guaranda,701001,70400,8.46667000,-75.05000000
Sucre,La Unión,701001,70418,9.25000000,-75.36667000
Sucre,Los Palmitos,701001,70429,9.36667000,-75.26667000
Sucre,Majagual,701001,70473,8.53333000,-74.63333000
Sucre,Morroa,701001,70508,9.33333000,-75.28333000
Sucre,Ovejas,701001,70523,9.52167000,-75.22750000
Sucre,Palmito,701001,70533,9.36667000,-75.51167000
Sucre,Sampués,700040,70558,9.18333000,-75.38333000
Sucre,San Benito Abad,701001,70670,8.93333000,-74.23333000
Sucre,San Juan de Betulia,701001,70678,9.28333000,-75.31667000
Sucre,San Marcos,701001,70702,8.66667000,-75.13333000
Sucre,San Onofre,701001,70708,9.73667000,-75.53333000
Sucre,San Pedro,701001,70713,9.25000000,-75.48333000
Sucre,Sincé,701001,70717,9.24583000,-75.15583000
Sucre,Sucre,701001,70820,8.81667000,-74.72583000
Sucre,Tolú,701001,70823,9.52083000,-75.56750000
Sucre,Tolú Viejo,701001,70828,9.46583000,-75.42917000
Tolima,Ibagué,730001,73001,4.43889000,-75.23222000
Tolima,Alpujarra,731001,73024,3.40000000,-75.00000000
Tolima,Alvarado,730040,73026,4.56667000,-74.96667000
Tolima,Ambalema,730040,73030,4.78333000,-74.76667000
Tolima,Anzoátegui,730040,73043,4.31667000,-75.08333000
Tolima,Armero,730040,73055,4.96583000,-74.90000000
Tolima,Ataco,731001,73067,3.60000000,-75.38333000
Tolima,Cajamarca,730040,73124,4.44167000,-75.42917000
Tolima,Carmen de Apicalá,731001,73148,4.15417000,-74.72417000
Tolima,Casabianca,730040,73152,5.03333000,-75.16667000
Tolima,Chaparral,731001,73168,3.72500000,-75.48583000
Tolima,Coello,730040,73200,4.31667000,-74.91667000
Tolima,Coyaima,731001,73217,3.78333000,-75.19583000
Tolima,Cunday,731001,73226,3.98333000,-74.66583000
Tolima,Dolores,731001,73236,3.56667000,-74.91667000
Tolima,Espinal,730040,73268,4.15083000,-74.88500000
Tolima,Falan,730040,73270,5.11667000,-74.98333000
Tolima,Flandes,730040,73275,4.28333000,-74.81583000
Tolima,Fresno,730040,73283,5.15833000,-75.03333000
Tolima,Guamo,731001,73319,4.03333000,-74.96667000
Tolima,Herveo,730040,73347,5.25000000,-75.21667000
Tolima,Honda,730040,73349,5.20583000,-74.74250000
Tolima,Icononzo,731001,73352,4.18333000,-74.52500000
Tolima,Lérida,730040,73408,4.86583000,-74.93333000
Tolima,Líbano,730040,73411,4.91750000,-75.06167000
Tolima,Mariquita,730040,73443,5.20167000,-74.90333000
Tolima,Melgar,730040,73449,4.20000000,-74.64583000
Tolima,Murillo,730040,73461,4.86417000,-75.30000000
Tolima,Natagaima,731001,73483,3.62083000,-75.09167000
Tolima,Ortega,731001,73504,3.92917000,-75.25833000
Tolima,Palocabildo,730040,73520,5.30000000,-75.11667000
Tolima,Piedras,730040,73547,4.08333000,-74.90000000
Tolima,Planadas,731001,73555,3.20000000,-75.65000000
Tolima,Prado,731001,73563,3.73333000,-74.91667000
Tolima,Purificación,731001,73585,3.85833000,-74.93333000
Tolima,Rioblanco,731001,73616,3.50833000,-75.71250000
Tolima,Roncesvalles,731001,73622,4.01667000,-75.60000000
Tolima,Rovira,731001,73624,4.24167000,-75.25000000
Tolima,Saldaña,731001,73671,3.93750000,-75.01167000
Tolima,San Antonio,731001,73675,3.93750000,-75.15000000
Tolima,San Luis,731001,73678,4.16667000,-75.08333000
Tolima,Santa Isabel,730040,73686,5.05000000,-75.28333000
Tolima,Suárez,731001,73770,3.70833000,-75.18583000
Tolima,Valle de San Juan,731001,73854,4.06667000,-75.01667000
Tolima,Venadillo,730040,73861,4.71667000,-74.93333000
Tolima,Villahermosa,730040,73870,5.01667000,-75.21667000
Tolima,Villarrica,731001,73873,3.88167000,-75.51583000
Valle del Cauca,Cali,760001,76001,3.45105000,-76.53215000
Valle del Cauca,Alcalá,761001,76020,4.68333000,-75.78333000
Valle del Cauca,Andalucía,761001,76036,3.83333000,-76.15000000
Valle del Cauca,Ansermanuevo,761001,76041,4.80000000,-75.96667000
Valle del Cauca,Argelia,761001,76054,4.70417000,-76.13917000
Valle del Cauca,Bolívar,761001,76100,4.33750000,-76.18333000
Valle del Cauca,Buenaventura,762001,76109,3.88594000,-77.01731000
Valle del Cauca,Guadalajara de Buga,761001,76111,3.90000000,-76.30833000
Valle del Cauca,Bugalagrande,761001,76113,4.21667000,-76.15667000
Valle del Cauca,Caicedonia,761001,76122,4.33333000,-75.83333000
Valle del Cauca,Calima,761001,76126,3.93333000,-76.45000000
Valle del Cauca,Candelaria,760040,76130,3.41583000,-76.34833000
Valle del Cauca,Cartago,761001,76147,4.74583000,-75.91250000
Valle del Cauca,Dagua,761001,76233,3.65917000,-76.68583000
Valle del Cauca,El Águila,761001,76243,4.95833000,-76.05000000
Valle del Cauca,El Cairo,761001,76246,4.93333000,-76.25000000
Valle del Cauca,El Cerrito,760040,76248,3.68750000,-76.15333000
Valle del Cauca,El Dovio,761001,76250,4.51667000,-76.28333000
Valle del Cauca,Florida,760040,76275,3.32500000,-76.23333000
Valle del Cauca,Ginebra,761001,76306,3.73333000,-76.26667000
Valle del Cauca,Guacarí,761001,76318,3.78333000,-76.33333000
Valle del Cauca,Jamundí,760040,76364,3.25833000,-76.53583000
Valle del Cauca,La Cumbre,761001,76377,3.65583000,-76.56583000
Valle del Cauca,La Unión,761001,76400,4.53750000,-76.10083000
Valle del Cauca,La Victoria,761001,76403,4.52083000,-75.88500000
Valle del Cauca,Obando,761001,76497,4.58333000,-75.85000000
Valle del Cauca,Palmira,760040,76520,3.53917000,-76.30333000
Valle del Cauca,Pradera,760040,76563,3.41667000,-76.24167000
Valle del Cauca,Restrepo,761001,76606,3.81833000,-76.53333000
Valle del Cauca,Riofrío,761001,76616,3.91583000,-76.38333000
Valle del Cauca,Roldanillo,761001,76622,4.41083000,-76.15583000
Valle del Cauca,San Pedro,761001,76670,3.98583000,-76.38083000
Valle del Cauca,Sevilla,761001,76736,4.26583000,-75.93583000
Valle del Cauca,Toro,761001,76823,4.59583000,-76.08500000
Valle del Cauca,Trujillo,761001,76828,4.23667000,-76.31667000
Valle del Cauca,Tuluá,761001,76834,4.08500000,-76.19833000
Valle del Cauca,Ulloa,761001,76845,4.71133000,-75.78000000
Valle del Cauca,Versalles,761001,76863,4.66917000,-76.17917000
Valle del Cauca,Vijes,761001,76869,3.71667000,-76.44000000
Valle del Cauca,Yotoco,761001,76890,3.86667000,-76.40167000
Valle del Cauca,Yumbo,760040,76892,3.59250000,-76.49250000
Valle del Cauca,Zarzal,761001,76895,4.39750000,-76.07833000
Vaupés,Mitú,970001,97001,1.19806000,-70.17389000
Vaupés,Carurú,971001,97161,1.01250000,-71.28750000
Vaupés,Pacoa,971001,97511,0.21250000,-71.33333000
Vaupés,Taraira,971001,97666,-1.00000000,-69.60000000
Vaupés,Papunaua,971001,97777,0.36250000,-71.64250000
Vaupés,Yavaraté,971001,97889,0.62500000,-70.88333000
Vichada,Puerto Carreño,990001,99001,6.19000000,-67.49000000
Vichada,La Primavera,991001,99524,5.48333000,-70.41667000
Vichada,Santa Rosalía,991001,99624,4.96000000,-70.86000000
Vichada,Cumaribo,991001,99773,4.16667000,-69.15000000
Nariño,Sotomayor,521001,52696,1.58333000,-77.58333000
Boyacá,Briceño,154001,15106,5.89583000,-74.23333000
Antioquia,Maceo,054030,05425,6.55000000,-74.76667000
Cundinamarca,Madrid,250040,25436,4.73417000,-74.26500000
Bolívar,Córdoba Bolívar,131001,13212,8.88250000,-74.85500000
Santander,El Guacamayo,681001,68245,6.95833000,-73.35833000
Nariño,Gualmatán,521001,52327,0.91667000,-77.61667000
Huila,Palermo,410040,41524,2.90417000,-75.41667000
Meta,Uribe,502001,50689,2.91133000,-74.35372000
Cundinamarca,Manta,251001,25438,4.77500000,-73.53333000
Valle del Cauca,Trujillo,761001,76828,4.23667000,-76.31667000
